key	wordnet_id	synonyms	provenance
n01440764	eng-30-01440764-n	zeelt	odwn
n01443537	eng-30-01443537-n	goudvis	odwn
n01484850	eng-30-01484850-n	grote witte haai, antropofaag, kannibaal, menseneter	odwn
n01491361	eng-30-01491361-n	tijgerhaai	odwn
n01494475	eng-30-01494475-n	hamerhaai	odwn
n01496331	eng-30-01496331-n	sidderrog, crampfish, numbfish, torpedo-	google_translate
n01498041	eng-30-01498041-n	pijlstaartrog	odwn
n01514668	eng-30-01514668-n	haan	odwn
n01514859	eng-30-01514859-n	wijfje, hen, roddeltante	odwn
n01518878	eng-30-01518878-n	struisvogel	odwn
n01530575	eng-30-01530575-n	brambling, Fringilla montifringilla	google_translate
n01531178	eng-30-01531178-n	distelvink, Carduelis carduelis	google_translate
n01532829	eng-30-01532829-n	kneu	odwn
n01534433	eng-30-01534433-n	junco, lijster	google_translate
n01537544	eng-30-01537544-n	indigobunting, indigo vink, indigo vogel, Passerina cyanea	google_translate
n01558993	eng-30-01558993-n	roodborstje, Amerikaanse robin, Turdus migratorius	google_translate
n01560419	eng-30-01560419-n	bulbul	google_translate
n01580077	eng-30-01580077-n	Vlaamse gaai, gaai	odwn
n01582220	eng-30-01582220-n	ekster	odwn
n01592084	eng-30-01592084-n	mees	odwn
n01601694	eng-30-01601694-n	waterspreeuw	odwn
n01608432	eng-30-01608432-n	vlieger	google_translate
n01614925	eng-30-01614925-n	bald eagle, Amerikaanse zeearend, Haliaeetus leucocephalus	google_translate
n01616318	eng-30-01616318-n	gier	odwn
n01622779	eng-30-01622779-n	grote grijze uil, grote grijze uil, Strix nebulosa	google_translate
n01629819	eng-30-01629819-n	European fire salamander, salamandra salamandra	google_translate
n01630670	eng-30-01630670-n	gemeenschappelijke newt, Triturus vulgaris	google_translate
n01631663	eng-30-01631663-n	eft	google_translate
n01632458	eng-30-01632458-n	bevlekte salamander, Ambystoma maculatum	google_translate
n01632777	eng-30-01632777-n	axolotl	odwn
n01641577	eng-30-01641577-n	brulkikker	odwn
n01644373	eng-30-01644373-n	boomkikvors	odwn
n01644900	eng-30-01644900-n	ascaphus, bell pad, geribbelde pad, tailed pad, Ascaphus trui	google_translate
n01664065	eng-30-01664065-n	onechte, onechte karetschildpad, Caretta Caretta	google_translate
n01665541	eng-30-01665541-n	lederschildpad, lederschildpad, leerachtige schildpad, Dermochelys coriacea	google_translate
n01667114	eng-30-01667114-n	modderschildpad	google_translate
n01667778	eng-30-01667778-n	moerasschildpad	odwn
n01669191	eng-30-01669191-n	doosschildpad, doos schildpad	google_translate
n01675722	eng-30-01675722-n	gestreepte gekko	google_translate
n01677366	eng-30-01677366-n	leguaan, iguana	odwn
n01682714	eng-30-01682714-n	Amerikaanse kameleon, anole, Anolis carolinensis	google_translate
n01685808	eng-30-01685808-n	whiptail, whiptail hagedis	google_translate
n01687978	eng-30-01687978-n	agama	google_translate
n01688243	eng-30-01688243-n	kraaghagedis, Chlamydosaurus kingi	google_translate
n01689811	eng-30-01689811-n	krokodillehagedis	google_translate
n01692333	eng-30-01692333-n	gilamonster	odwn
n01693334	eng-30-01693334-n	groene hagedis, Lacerta viridis	google_translate
n01694178	eng-30-01694178-n	Afrikaanse kameleon, Chamaeleo chamaeleon	google_translate
n01695060	eng-30-01695060-n	komodovaraan	odwn
n01697457	eng-30-01697457-n	Afrikaanse krokodil, Nijlkrokodil, Crocodylus niloticus	google_translate
n01698640	eng-30-01698640-n	Amerikaanse alligator, alligator Mississipiensis	google_translate
n01704323	eng-30-01704323-n	triceratops	odwn
n01728572	eng-30-01728572-n	donder slang, worm slang, carphophis amoenus	google_translate
n01728920	eng-30-01728920-n	ringneck slang, ringnekslang, ring slang	google_translate
n01729322	eng-30-01729322-n	slang Hognose, pofadder, zandadder	google_translate
n01729977	eng-30-01729977-n	groene slang, ringslang	google_translate
n01734418	eng-30-01734418-n	king snake, kingsnake	google_translate
n01735189	eng-30-01735189-n	kousenbandslang, ringslang	google_translate
n01737021	eng-30-01737021-n	Waterslang	google_translate
n01739381	eng-30-01739381-n	twijgslang	google_translate
n01740131	eng-30-01740131-n	nacht slang, hypsiglena torquata	google_translate
n01742172	eng-30-01742172-n	reuzenslang, constrictor constrictor	google_translate
n01744401	eng-30-01744401-n	rots python, rots slang, Python sebae	google_translate
n01748264	eng-30-01748264-n	Indian cobra, Naja naja	google_translate
n01749939	eng-30-01749939-n	groene mamba	google_translate
n01751748	eng-30-01751748-n	zeeslang	google_translate
n01753488	eng-30-01753488-n	gehoornde adder, adder, zandadder, gehoornde asp, cerastes cornutus	google_translate
n01755581	eng-30-01755581-n	diamondback, diamondbackratelslang, Crotalus adamanteus	google_translate
n01756291	eng-30-01756291-n	slag van terzijde, gehoornde ratelslang, hoornratelslang	google_translate
n01768244	eng-30-01768244-n	trilobite	google_translate
n01770081	eng-30-01770081-n	hooiwagen	odwn
n01770393	eng-30-01770393-n	schorpioen	odwn
n01773157	eng-30-01773157-n	zwart en goud kruisspin, argiope aurantia	google_translate
n01773549	eng-30-01773549-n	schuur spider, Araneus cavaticus	google_translate
n01773797	eng-30-01773797-n	kruisspin, Aranea diademata	google_translate
n01774384	eng-30-01774384-n	zwarte weduwe	odwn
n01774750	eng-30-01774750-n	vogelspin, tarantula	odwn
n01775062	eng-30-01775062-n	wolf spider, jacht spider	google_translate
n01776313	eng-30-01776313-n	teek	odwn
n01784675	eng-30-01784675-n	duizendpoot	odwn
n01795545	eng-30-01795545-n	korhoen	odwn
n01796340	eng-30-01796340-n	patrijs, sneeuwhoen	odwn
n01797886	eng-30-01797886-n	ruffed hoen, patrijs, Bonasa umbellus	google_translate
n01798484	eng-30-01798484-n	prairiekip, prairie hoen, prairie gevogelte	google_translate
n01806143	eng-30-01806143-n	pauwhaan, pauw	odwn
n01806567	eng-30-01806567-n	kwartel	odwn
n01807496	eng-30-01807496-n	hoen, hoentje, patrijs	odwn
n01817953	eng-30-01817953-n	Afrikaanse grijze, Afrikaanse grijze, Psittacus erithacus	google_translate
n01818515	eng-30-01818515-n	ara	odwn
n01819313	eng-30-01819313-n	Zwavel kuifkaketoe, Kakatoe galerita, Cacatua galerita	google_translate
n01820546	eng-30-01820546-n	lori	google_translate
n01824575	eng-30-01824575-n	coucal	google_translate
n01828970	eng-30-01828970-n	bijeneter	google_translate
n01829413	eng-30-01829413-n	neushoornvogel	google_translate
n01833805	eng-30-01833805-n	kolibrie	odwn
n01843065	eng-30-01843065-n	jacamar	google_translate
n01843383	eng-30-01843383-n	toekan	odwn
n01847000	eng-30-01847000-n	mannetjeseend, waard, woerd	odwn
n01855032	eng-30-01855032-n	middelste zaagbek, Mergus serrator	google_translate
n01855672	eng-30-01855672-n	gans	google_translate
n01860187	eng-30-01860187-n	zwarte zwaan, Cygnus atratus	google_translate
n01871265	eng-30-01871265-n	olifant met grote slagtanden	odwn
n01872401	eng-30-01872401-n	mierenegel	odwn
n01873310	eng-30-01873310-n	vogelbekdier	odwn
n01877812	eng-30-01877812-n	wallabie, wallaby	odwn
n01882714	eng-30-01882714-n	koalabeertje, koalabeer, koala	odwn
n01883070	eng-30-01883070-n	wombat	odwn
n01910747	eng-30-01910747-n	kwal	odwn
n01914609	eng-30-01914609-n	zeeanemoon, anemoon	google_translate
n01917289	eng-30-01917289-n	hersenenkoraal	google_translate
n01924916	eng-30-01924916-n	platwormen, platworm	odwn
n01930112	eng-30-01930112-n	nematoda, rondworm, aaltjes	odwn
n01943899	eng-30-01943899-n	schelp, hoorn	odwn
n01944390	eng-30-01944390-n	huisjesslak, slak	odwn
n01945685	eng-30-01945685-n	slak	odwn
n01950731	eng-30-01950731-n	zeeslak, naaktslak	google_translate
n01955084	eng-30-01955084-n	chiton, coat-of-mail shell, zee cradle, polyplacophore	google_translate
n01968897	eng-30-01968897-n	chambered nautilus, parelachtige nautilus, nautilus	google_translate
n01978287	eng-30-01978287-n	dungenesskrab, Cancer magister	google_translate
n01978455	eng-30-01978455-n	rotskrab, cancer irroratus	google_translate
n01980166	eng-30-01980166-n	fiddlerkrab	google_translate
n01981276	eng-30-01981276-n	koning krab, Alaska krab, Koningskrab Van Alaska, Alaska king krab, Paralithodes camtschatica	google_translate
n01983481	eng-30-01983481-n	Amerikaanse kreeft, Northern kreeft, Maine kreeft, Homarus americanus	google_translate
n01984695	eng-30-01984695-n	langoest, langouste, steen kreeft, rivierkreeft, rivierkreeft, langoesten	google_translate
n01985128	eng-30-01985128-n	rivierkreeft	odwn
n01986214	eng-30-01986214-n	heremiet, heremietkreeft	odwn
n01990800	eng-30-01990800-n	isopod	google_translate
n02002556	eng-30-02002556-n	ooievaar	odwn
n02002724	eng-30-02002724-n	zwarte ooievaar, Ciconia nigra	google_translate
n02006656	eng-30-02006656-n	lepelaar	odwn
n02007558	eng-30-02007558-n	flamingo	odwn
n02009229	eng-30-02009229-n	weinig blauwe reiger, Egretta caerulea	google_translate
n02009912	eng-30-02009912-n	Amerikaanse zilverreiger, grote witte reiger, Egretta albus	google_translate
n02011460	eng-30-02011460-n	roerdomp	odwn
n02012849	eng-30-02012849-n	hijskraan, kraanvogel	odwn
n02013706	eng-30-02013706-n	limpkin, Aramus pictus	google_translate
n02017213	eng-30-02017213-n	Europese gallinule, Porphyrio porphyrio	google_translate
n02018207	eng-30-02018207-n	Amerikaanse Koet, moeras kip, modder duivin, waterhoen, Fulica americana	google_translate
n02018795	eng-30-02018795-n	trapgans, trap	odwn
n02025239	eng-30-02025239-n	Steenloper, arenaria interpres	google_translate
n02027492	eng-30-02027492-n	-Red-backed strandloper, dunlin, Erolia alpina	google_translate
n02028035	eng-30-02028035-n	perzikkruid, tringatotanus	google_translate
n02033041	eng-30-02033041-n	Dowitcher	google_translate
n02037110	eng-30-02037110-n	scholekster	odwn
n02051845	eng-30-02051845-n	pelikaan	odwn
n02056570	eng-30-02056570-n	koningspinguïn	odwn
n02058221	eng-30-02058221-n	albatros	odwn
n02066245	eng-30-02066245-n	grijze walvis, grijze walvis, devilfish, Eschrichtius gibbosus, Eschrichtius robustus	google_translate
n02071294	eng-30-02071294-n	orka	odwn
n02074367	eng-30-02074367-n	doejong	odwn
n02077923	eng-30-02077923-n	zeeleeuw	odwn
n02085620	eng-30-02085620-n	chihuahua	odwn
n02085782	eng-30-02085782-n	Japanse spaniel	google_translate
n02085936	eng-30-02085936-n	Maltese	odwn
n02086079	eng-30-02086079-n	pekinese, Pekinees, Peke	google_translate
n02086240	eng-30-02086240-n	Shih-Tzu	google_translate
n02086646	eng-30-02086646-n	Blenheim spaniel	google_translate
n02086910	eng-30-02086910-n	papillon	google_translate
n02087046	eng-30-02087046-n	stuk speelgoed terriër	google_translate
n02087394	eng-30-02087394-n	Rhodesian ridgeback	google_translate
n02088094	eng-30-02088094-n	Afghaanse windhond	odwn
n02088238	eng-30-02088238-n	brak	odwn
n02088364	eng-30-02088364-n	snuffelaar, beagle, brak	odwn
n02088466	eng-30-02088466-n	bloedhond, speurhond	google_translate
n02088632	eng-30-02088632-n	bluetick	google_translate
n02089078	eng-30-02089078-n	black-and-tan coonhound	google_translate
n02089867	eng-30-02089867-n	Walker hound, Walker foxhound	google_translate
n02089973	eng-30-02089973-n	Engels foxhound	google_translate
n02090379	eng-30-02090379-n	redbone	google_translate
n02090622	eng-30-02090622-n	borzoi, Russische wolfshond	google_translate
n02090721	eng-30-02090721-n	trillen op zijn benen	odwn
n02091032	eng-30-02091032-n	Italiaanse windhond	google_translate
n02091134	eng-30-02091134-n	whippet	google_translate
n02091244	eng-30-02091244-n	ibizan, Ibizan Podenco	google_translate
n02091467	eng-30-02091467-n	Noorse elkhound, elkhound	google_translate
n02091635	eng-30-02091635-n	hond voor jacht op otters	odwn
n02091831	eng-30-02091831-n	Saluki, gazelle hound	google_translate
n02092002	eng-30-02092002-n	Scottish deerhound, deerhound	google_translate
n02092339	eng-30-02092339-n	Weimaraner	google_translate
n02093256	eng-30-02093256-n	Staffordshire bullterrier, Staffordshire bull terrier	google_translate
n02093428	eng-30-02093428-n	pitbullterriër	odwn
n02093647	eng-30-02093647-n	bedlingtonterriër	google_translate
n02093754	eng-30-02093754-n	Border terrier	google_translate
n02093859	eng-30-02093859-n	Kerry blue terrier	google_translate
n02093991	eng-30-02093991-n	Ierse terriër	google_translate
n02094114	eng-30-02094114-n	Norfolk terrier	google_translate
n02094258	eng-30-02094258-n	Norwich terrier	google_translate
n02094433	eng-30-02094433-n	Yorkshire terrier	google_translate
n02095314	eng-30-02095314-n	ruwhaar fox terrier	google_translate
n02095570	eng-30-02095570-n	Lakeland terrier	google_translate
n02095889	eng-30-02095889-n	Sealyham Terrier, sealyham	google_translate
n02096051	eng-30-02096051-n	Airedale, airedaleterriër	google_translate
n02096177	eng-30-02096177-n	steenhoop, steenhoopterriër	google_translate
n02096294	eng-30-02096294-n	Australian terrier	google_translate
n02096437	eng-30-02096437-n	Dinmont, Dinmont terriër	google_translate
n02096585	eng-30-02096585-n	Boston bull, Boston terrier	google_translate
n02097047	eng-30-02097047-n	miniatuur schnauzer	google_translate
n02097130	eng-30-02097130-n	giant schnauzer	google_translate
n02097209	eng-30-02097209-n	standard schnauzer	google_translate
n02097298	eng-30-02097298-n	Schotse terriër	odwn
n02097474	eng-30-02097474-n	Tibetaanse terriër, chrysant hond	google_translate
n02097658	eng-30-02097658-n	zijdeachtige terriër, Sydney zijdeachtig	google_translate
n02098105	eng-30-02098105-n	soft-coated wheaten terrier	google_translate
n02098286	eng-30-02098286-n	West Highland white terriër	google_translate
n02098413	eng-30-02098413-n	Lhasa, Lhasa apso	google_translate
n02099267	eng-30-02099267-n	vlak beklede retriever	google_translate
n02099429	eng-30-02099429-n	Curly coated retriever	google_translate
n02099601	eng-30-02099601-n	golden retriever	odwn
n02099712	eng-30-02099712-n	labrador retriever	google_translate
n02099849	eng-30-02099849-n	Chesapeake Bay retriever	google_translate
n02100236	eng-30-02100236-n	Duitse kortharige wijzer	google_translate
n02100583	eng-30-02100583-n	vizsla, Hongaarse pointer	google_translate
n02100735	eng-30-02100735-n	Engels setter	google_translate
n02100877	eng-30-02100877-n	Ierse setter	odwn
n02101006	eng-30-02101006-n	Gordon setter	google_translate
n02101388	eng-30-02101388-n	Brittany spaniel	google_translate
n02101556	eng-30-02101556-n	clumber, clumber spaniel	google_translate
n02102040	eng-30-02102040-n	Engels springer, Engels springer spaniel	google_translate
n02102177	eng-30-02102177-n	Welsh springer spaniel	google_translate
n02102318	eng-30-02102318-n	Cocker spaniel, Engels cocker spaniel, cocker	google_translate
n02102480	eng-30-02102480-n	Sussex spaniel	google_translate
n02102973	eng-30-02102973-n	Ierse water spaniel	google_translate
n02104029	eng-30-02104029-n	kuvasz	google_translate
n02104365	eng-30-02104365-n	schippersklokje, schippertje	odwn
n02105056	eng-30-02105056-n	groenendael	google_translate
n02105162	eng-30-02105162-n	Mechelaar	google_translate
n02105251	eng-30-02105251-n	briard	google_translate
n02105412	eng-30-02105412-n	kelpie	google_translate
n02105505	eng-30-02105505-n	komondor	odwn
n02105641	eng-30-02105641-n	Oude Engels herdershond, kortstaart	google_translate
n02105855	eng-30-02105855-n	De herdershond van Shetland, Shetland schapen hond, Shetland	google_translate
n02106030	eng-30-02106030-n	collie	google_translate
n02106166	eng-30-02106166-n	Border collie	google_translate
n02106382	eng-30-02106382-n	Bouvier, Vlaamse Koehond	google_translate
n02106550	eng-30-02106550-n	Rottweiler	google_translate
n02106662	eng-30-02106662-n	Duitse herdershond	odwn
n02107142	eng-30-02107142-n	Doberman, doberman	google_translate
n02107312	eng-30-02107312-n	dwergpinscher	odwn
n02107574	eng-30-02107574-n	Greater hond Swiss Mountain	google_translate
n02107683	eng-30-02107683-n	Berner Sennenhond	google_translate
n02107908	eng-30-02107908-n	Appenzeller	google_translate
n02108000	eng-30-02108000-n	Entlebucher	google_translate
n02108089	eng-30-02108089-n	boxer, pugilist, vuistvechter, bokser	odwn
n02108422	eng-30-02108422-n	bull mastiff	google_translate
n02108551	eng-30-02108551-n	Tibetaanse mastiff	odwn
n02108915	eng-30-02108915-n	Franse bulldog	google_translate
n02109047	eng-30-02109047-n	Deense dog	google_translate
n02109525	eng-30-02109525-n	Sint Bernard, St Bernard	google_translate
n02109961	eng-30-02109961-n	sledehond	odwn
n02110063	eng-30-02110063-n	malamute, malemute, Alaskan malamute	google_translate
n02110185	eng-30-02110185-n	Siberische husky	odwn
n02110341	eng-30-02110341-n	dalmatiër, Dalmatische	odwn
n02110627	eng-30-02110627-n	affenpinscher, aap pinscher, aap hond	google_translate
n02110806	eng-30-02110806-n	basenji	google_translate
n02110958	eng-30-02110958-n	mops, mopshond	odwn
n02111129	eng-30-02111129-n	Leonberg	google_translate
n02111277	eng-30-02111277-n	Newfoundland, newfoundland	google_translate
n02111500	eng-30-02111500-n	De grote Pyreneeën	google_translate
n02111889	eng-30-02111889-n	Samojeed	odwn
n02112018	eng-30-02112018-n	Pommers	odwn
n02112137	eng-30-02112137-n	eten	odwn
n02112350	eng-30-02112350-n	keeshond	odwn
n02112706	eng-30-02112706-n	Brabancon vale	google_translate
n02113023	eng-30-02113023-n	Pembroke, Pembroke Welsh corgi	google_translate
n02113186	eng-30-02113186-n	Cardigan, Cardigan Welsh corgi	google_translate
n02113624	eng-30-02113624-n	toy poedel	google_translate
n02113712	eng-30-02113712-n	miniatuur poedel	google_translate
n02113799	eng-30-02113799-n	standaard poedel	google_translate
n02113978	eng-30-02113978-n	Mexicaanse naakthond	google_translate
n02114367	eng-30-02114367-n	wolf	odwn
n02114548	eng-30-02114548-n	witte wolf	odwn
n02114712	eng-30-02114712-n	rode wolf, maned wolf, Canis rufus, canis niger	google_translate
n02114855	eng-30-02114855-n	coyote, prairiewolf	odwn
n02115641	eng-30-02115641-n	dingo	odwn
n02115913	eng-30-02115913-n	wildhond, Cuon alpinus	google_translate
n02116738	eng-30-02116738-n	Afrikaanse jachthond, hyena hond, Cape jachthond, pictus Lycaon	google_translate
n02117135	eng-30-02117135-n	hyena	odwn
n02119022	eng-30-02119022-n	rode vos, vulpes vulpes	google_translate
n02119789	eng-30-02119789-n	kit fox, vulpes macrotis	google_translate
n02120079	eng-30-02120079-n	poolvos, witte vos, Alopex lagopus	google_translate
n02120505	eng-30-02120505-n	grijze vos, grijze vos, Urocyon cinereoargenteus	google_translate
n02123045	eng-30-02123045-n	gestreept, tabby kat	google_translate
n02123159	eng-30-02123159-n	tijgerkat	google_translate
n02123394	eng-30-02123394-n	Perzische kat	google_translate
n02123597	eng-30-02123597-n	siamees	odwn
n02124075	eng-30-02124075-n	Egyptische kat	google_translate
n02125311	eng-30-02125311-n	bergleeuw, poema	odwn
n02127052	eng-30-02127052-n	los, lynx	odwn
n02128385	eng-30-02128385-n	luipaard	odwn
n02128757	eng-30-02128757-n	sneeuwpanter	odwn
n02128925	eng-30-02128925-n	panter, Jaguar, jaguar	odwn
n02129165	eng-30-02129165-n	leeuw	odwn
n02129604	eng-30-02129604-n	tijger	odwn
n02130308	eng-30-02130308-n	cheetah, jachtluipaard	odwn
n02132136	eng-30-02132136-n	bruine beer	odwn
n02133161	eng-30-02133161-n	Amerikaanse zwarte beer, kraagbeer	odwn
n02134084	eng-30-02134084-n	ijsbeer	odwn
n02134418	eng-30-02134418-n	luiaard beer, Melursus ursinus, Ursus ursinus	google_translate
n02137549	eng-30-02137549-n	mangoest, mangoeste	odwn
n02138441	eng-30-02138441-n	meerkat, mierkat	google_translate
n02165105	eng-30-02165105-n	tijgerkever	google_translate
n02165456	eng-30-02165456-n	lieveheersbeestje, onzelieveheersbeestje	odwn
n02167151	eng-30-02167151-n	loopkever, carabid kever	google_translate
n02168699	eng-30-02168699-n	boktor, longicorn, longicorn kever	google_translate
n02169497	eng-30-02169497-n	goudhaantje	odwn
n02172182	eng-30-02172182-n	mestkever	odwn
n02174001	eng-30-02174001-n	neushoorn kever	google_translate
n02177972	eng-30-02177972-n	snuitkever	odwn
n02190166	eng-30-02190166-n	vlieg	odwn
n02206856	eng-30-02206856-n	bij	odwn
n02219486	eng-30-02219486-n	mier	odwn
n02226429	eng-30-02226429-n	sprinkhaan	odwn
n02229544	eng-30-02229544-n	krekel	odwn
n02231487	eng-30-02231487-n	[[wandelende]] [[tak]]	odwn
n02233338	eng-30-02233338-n	sissende kakkerlak, kakkerlak	odwn
n02236044	eng-30-02236044-n	bidsprinkhaan	odwn
n02256656	eng-30-02256656-n	cicade, cicaden	odwn
n02259212	eng-30-02259212-n	cicade	google_translate
n02264363	eng-30-02264363-n	gaasje, gaasvlieg	odwn
n02268443	eng-30-02268443-n	libel, libellen	odwn
n02268853	eng-30-02268853-n	juffer	odwn
n02276258	eng-30-02276258-n	admiraal	google_translate
n02277742	eng-30-02277742-n	ringetje, lok vlinder	google_translate
n02279972	eng-30-02279972-n	monarchvlinder	odwn
n02280649	eng-30-02280649-n	koolwitje	google_translate
n02281406	eng-30-02281406-n	zwavel vlinder, zwavel vlinder	google_translate
n02281787	eng-30-02281787-n	lycaenid, lycaenid vlinder	google_translate
n02317335	eng-30-02317335-n	zeester	odwn
n02319095	eng-30-02319095-n	zee-egel, zeeëgel	odwn
n02321529	eng-30-02321529-n	zeekomkommer, Holothurian	google_translate
n02325366	eng-30-02325366-n	katoenstaartkonijn	odwn
n02326432	eng-30-02326432-n	haas, langoor	odwn
n02328150	eng-30-02328150-n	Angora, Angora konijn	google_translate
n02342885	eng-30-02342885-n	hamster	odwn
n02346627	eng-30-02346627-n	egel, mol, stekelvarken	odwn
n02356798	eng-30-02356798-n	vos eekhoorn, oostelijk eekhoorn vos, Sciurus Niger	google_translate
n02361337	eng-30-02361337-n	marmot	odwn
n02363005	eng-30-02363005-n	bever	odwn
n02364673	eng-30-02364673-n	guinees biggetje	odwn
n02389026	eng-30-02389026-n	zuring	google_translate
n02391049	eng-30-02391049-n	zebra	odwn
n02395406	eng-30-02395406-n	krulstaart, varken, zwijn	odwn
n02396427	eng-30-02396427-n	everzwijn	odwn
n02397096	eng-30-02397096-n	wrattenzwijn, knobbelzwijn	odwn
n02398521	eng-30-02398521-n	nijlpaard	odwn
n02403003	eng-30-02403003-n	os	odwn
n02408429	eng-30-02408429-n	karbauw, karbouw, waterbuffel	odwn
n02410509	eng-30-02410509-n	wisent, Europese bizon, bizon	odwn
n02412080	eng-30-02412080-n	ram	odwn
n02415577	eng-30-02415577-n	dikhoornschaap	odwn
n02417914	eng-30-02417914-n	steenbok	odwn
n02422106	eng-30-02422106-n	hartenbeest	odwn
n02422699	eng-30-02422699-n	impala	odwn
n02423022	eng-30-02423022-n	gezelle, gazelle	odwn
n02437312	eng-30-02437312-n	dromedaris	odwn
n02437616	eng-30-02437616-n	lama	odwn
n02441942	eng-30-02441942-n	wezel	odwn
n02442845	eng-30-02442845-n	nerts	google_translate
n02443114	eng-30-02443114-n	bunzing	odwn
n02443484	eng-30-02443484-n	black-footed fret, fret, Mustela nigripes	google_translate
n02444819	eng-30-02444819-n	otter	odwn
n02445715	eng-30-02445715-n	stinkdier	odwn
n02447366	eng-30-02447366-n	das	odwn
n02454379	eng-30-02454379-n	armadillo, gordeldier, pantserdier, schildvarken	odwn
n02457408	eng-30-02457408-n	drie luiaard, ai, Bradypus tridactylus	google_translate
n02480495	eng-30-02480495-n	orang-oetan, orang-oetan(g)	odwn
n02480855	eng-30-02480855-n	gorilla	odwn
n02481823	eng-30-02481823-n	chimpansee	odwn
n02483362	eng-30-02483362-n	gibbon, langarmaap, langarmapen	odwn
n02483708	eng-30-02483708-n	siamang, Hylobates syndactylus, Symphalangus syndactylus	google_translate
n02484975	eng-30-02484975-n	meerkat	odwn
n02486261	eng-30-02486261-n	patas, huzaar aap, Erythrocebus patas	google_translate
n02486410	eng-30-02486410-n	baviaan	odwn
n02487347	eng-30-02487347-n	makaak	odwn
n02488291	eng-30-02488291-n	langur	google_translate
n02488702	eng-30-02488702-n	colobus, colobusaap	google_translate
n02489166	eng-30-02489166-n	zuigorganenaap, Nasalis larvatus	google_translate
n02490219	eng-30-02490219-n	klauwaapje	odwn
n02492035	eng-30-02492035-n	kapucijn	odwn
n02492660	eng-30-02492660-n	miskleun, blunder, brulaap	odwn
n02493509	eng-30-02493509-n	titi, titi aap	google_translate
n02493793	eng-30-02493793-n	spin aap, Ateles geoffroyi	google_translate
n02494079	eng-30-02494079-n	doodshoofdaapje	odwn
n02497673	eng-30-02497673-n	Madagascar cat, ringstaartmaki, makicatta	google_translate
n02500267	eng-30-02500267-n	indri, INDRIS, indri indri, indri brevicaudatus	google_translate
n02504013	eng-30-02504013-n	Indische olifant, Elephas maximus	google_translate
n02504458	eng-30-02504458-n	afrikaanse olifant	odwn
n02509815	eng-30-02509815-n	pandabeer, panda	odwn
n02510455	eng-30-02510455-n	panda, reuzenpanda	odwn
n02514041	eng-30-02514041-n	barracouta, snoek	google_translate
n02526121	eng-30-02526121-n	paling	odwn
n02536864	eng-30-02536864-n	coho, Cohoe, cohozalm, blauw jack, zilveren zalm, Oncorhynchus kisutch	google_translate
n02606052	eng-30-02606052-n	hertogsvis, holocanthus tricolor	google_translate
n02607072	eng-30-02607072-n	anemoon vis	google_translate
n02640242	eng-30-02640242-n	steur	odwn
n02641379	eng-30-02641379-n	snoek, geep, zeilvissen	odwn
n02643566	eng-30-02643566-n	lionfish	google_translate
n02655020	eng-30-02655020-n	kogelvis	odwn
n02666196	eng-30-02666196-n	abacus, rekenraam, telraam	odwn
n02667093	eng-30-02667093-n	abaya	google_translate
n02669723	eng-30-02669723-n	academische toga, academische robe, rechter robe	google_translate
n02672831	eng-30-02672831-n	harmonica, accordeon	odwn
n02676566	eng-30-02676566-n	akoestische gitaar	odwn
n02687172	eng-30-02687172-n	carrier, vliegdekschip, vliegtuigmoederschip	odwn
n02690373	eng-30-02690373-n	passagiersvliegtuig, lijntoestel, lijnvliegtuig	odwn
n02692877	eng-30-02692877-n	luchtschip	odwn
n02699494	eng-30-02699494-n	altaar	google_translate
n02701002	eng-30-02701002-n	ambulance, ziekenwagen	odwn
n02704792	eng-30-02704792-n	amfibie, amfibievoertuig	odwn
n02708093	eng-30-02708093-n	Analoge klok	google_translate
n02727426	eng-30-02727426-n	bijenstal	odwn
n02730930	eng-30-02730930-n	dienschort, schoot, schort	odwn
n02747177	eng-30-02747177-n	vuilnisbak, vuilnisemmer, asbak	odwn
n02749479	eng-30-02749479-n	aanvalsgeweer	odwn
n02769748	eng-30-02769748-n	knapzak, ransel, rugzak	odwn
n02776631	eng-30-02776631-n	bakkerij	odwn
n02777292	eng-30-02777292-n	evenwichtsbalk	odwn
n02782093	eng-30-02782093-n	ballon	odwn
n02783161	eng-30-02783161-n	ballpoint, balpen, kogelpen	odwn
n02786058	eng-30-02786058-n	Pleister	google_translate
n02787622	eng-30-02787622-n	banjo	odwn
n02788148	eng-30-02788148-n	baluster, leuning, balustrade	odwn
n02790996	eng-30-02790996-n	halter	odwn
n02791124	eng-30-02791124-n	kappersstoel	google_translate
n02791270	eng-30-02791270-n	kapper	odwn
n02793495	eng-30-02793495-n	hooischuur	odwn
n02794156	eng-30-02794156-n	barometer, weerglas	odwn
n02795169	eng-30-02795169-n	fust, ton, vaatje, vat	odwn
n02797295	eng-30-02797295-n	kruiwagen	odwn
n02799071	eng-30-02799071-n	basketbal	google_translate
n02802426	eng-30-02802426-n	basketbal	odwn
n02804414	eng-30-02804414-n	wieg	google_translate
n02804610	eng-30-02804610-n	fagot	odwn
n02807133	eng-30-02807133-n	badmuts	odwn
n02808304	eng-30-02808304-n	badhanddoek	google_translate
n02808440	eng-30-02808440-n	bad, badkuip, teil, tobbe, wasteil, wastobbe	odwn
n02814533	eng-30-02814533-n	beach wagon, station wagon, wagon, stationwagen, strand wagen, station wagon, wagon	google_translate
n02814860	eng-30-02814860-n	kustlicht, lichtbaken, vuurbaak, vuurbaken, vuurtoren	odwn
n02815834	eng-30-02815834-n	bekerglas	odwn
n02817516	eng-30-02817516-n	kolbak, beremuts, berenmuts, huzarenmuts	odwn
n02823428	eng-30-02823428-n	bierfles, pijpje	odwn
n02823750	eng-30-02823750-n	bierglas	odwn
n02825657	eng-30-02825657-n	bell cote, bell kinderbed	google_translate
n02834397	eng-30-02834397-n	borstje, salopette	odwn
n02835271	eng-30-02835271-n	tandem	odwn
n02837789	eng-30-02837789-n	bikini	odwn
n02840245	eng-30-02840245-n	verzamelband	odwn
n02841315	eng-30-02841315-n	toneelkijker, verrekijker, binocle, binoculair, kijker, veldkijker	odwn
n02843684	eng-30-02843684-n	columbarium, nestkastje, vogelhuisje, vogelkastje	odwn
n02859443	eng-30-02859443-n	botenhuis	odwn
n02860847	eng-30-02860847-n	bob, bobslee	odwn
n02865351	eng-30-02865351-n	bolo tie, bolo, bola tie, bola	google_translate
n02869837	eng-30-02869837-n	kap, luifelhoed	google_translate
n02870880	eng-30-02870880-n	boekenkast	odwn
n02871525	eng-30-02871525-n	boekenwinkel, boekhandel, boekwinkel	odwn
n02877765	eng-30-02877765-n	flesdop	google_translate
n02879718	eng-30-02879718-n	boog	google_translate
n02883205	eng-30-02883205-n	strikje, vlinderdas	odwn
n02892201	eng-30-02892201-n	gedenksteen, plaket, plateau	odwn
n02892767	eng-30-02892767-n	b.h., beha, bh, bustehouder	odwn
n02894605	eng-30-02894605-n	krib, steiger, zeewering, zeedijk, breekwater, havendam, golfbreker, landhoofd, paalhoofd, pier, zeebreker, zeehoofd	odwn
n02895154	eng-30-02895154-n	borstplaat, borstschild	odwn
n02906734	eng-30-02906734-n	bezem	odwn
n02909870	eng-30-02909870-n	emmer	odwn
n02910353	eng-30-02910353-n	gesp	odwn
n02916936	eng-30-02916936-n	kogelvrij vest	google_translate
n02917067	eng-30-02917067-n	bullet train, kogel	google_translate
n02927161	eng-30-02927161-n	beenhouwerij, charcuterie, slagerij	odwn
n02930766	eng-30-02930766-n	taxi	odwn
n02939185	eng-30-02939185-n	kookketel, ketel	odwn
n02948072	eng-30-02948072-n	kaars	odwn
n02950826	eng-30-02950826-n	kanon	google_translate
n02951358	eng-30-02951358-n	kano	odwn
n02951585	eng-30-02951585-n	blikopener	odwn
n02963159	eng-30-02963159-n	vest	odwn
n02965783	eng-30-02965783-n	autospiegel	google_translate
n02966193	eng-30-02966193-n	carrousel, draaimolen, mallemolen, paardenmolen, zweef, zweefmolen, zwiermolen	odwn
n02966687	eng-30-02966687-n	timmerman kit, tool kit	google_translate
n02971356	eng-30-02971356-n	karton	google_translate
n02974003	eng-30-02974003-n	auto wiel	google_translate
n02977058	eng-30-02977058-n	bankautomaat, geldautomaat, gelduitgifteautomaat, giromaat	odwn
n02978881	eng-30-02978881-n	cassette	odwn
n02979186	eng-30-02979186-n	cassettespeler	google_translate
n02980441	eng-30-02980441-n	fort, burcht, burg, kasteel, slot, steen	odwn
n02981792	eng-30-02981792-n	katamaran	odwn
n02988304	eng-30-02988304-n	C.D.-speler, cd-speler, compact-discspeler	odwn
n02992211	eng-30-02992211-n	violoncello, cello	odwn
n02992529	eng-30-02992529-n	telefoon, mobiele telefoon	odwn
n02999410	eng-30-02999410-n	ketting, keten	odwn
n03000134	eng-30-03000134-n	chainlinkomheining	google_translate
n03000247	eng-30-03000247-n	maliënkolder	odwn
n03000684	eng-30-03000684-n	boomzaag, motorkettingzaag, motorzaag, kettingzaag	odwn
n03014705	eng-30-03014705-n	kist	odwn
n03016953	eng-30-03016953-n	chiffonier, commode	google_translate
n03017168	eng-30-03017168-n	klok	odwn
n03018349	eng-30-03018349-n	porseleinkast	odwn
n03026506	eng-30-03026506-n	kerstsok	google_translate
n03028079	eng-30-03028079-n	godshuis, kerk, kerkgebouw	odwn
n03032252	eng-30-03032252-n	bios, bioscoop, cinema, filmtheater	odwn
n03041632	eng-30-03041632-n	hakmes, mes	odwn
n03042490	eng-30-03042490-n	klippenwoning	google_translate
n03045698	eng-30-03045698-n	mantel	google_translate
n03047690	eng-30-03047690-n	holsblok, klomp, klompschoen, schoenklomp	odwn
n03062245	eng-30-03062245-n	cocktailshaker	google_translate
n03063599	eng-30-03063599-n	koffiemok	google_translate
n03063689	eng-30-03063689-n	koffiepot	odwn
n03065424	eng-30-03065424-n	schroef, helix, krul, schroeflijn, spiraal, spiraallijn	odwn
n03075370	eng-30-03075370-n	cijferslot, combinatieslot, letterslot, nummerslot	odwn
n03085013	eng-30-03085013-n	toetsenbord, keypad	google_translate
n03089624	eng-30-03089624-n	banketbakkerij, snoepwinkel	odwn
n03095699	eng-30-03095699-n	containerschip	odwn
n03100240	eng-30-03100240-n	cabrio, cabriolet	odwn
n03109150	eng-30-03109150-n	kurkentrekker, kurketrekker, trekker	odwn
n03110669	eng-30-03110669-n	cornet, kornet, trompet	odwn
n03124043	eng-30-03124043-n	cowboylaars	google_translate
n03124170	eng-30-03124170-n	tien-gallon_hat	odwn
n03125729	eng-30-03125729-n	bakermat, wieg	odwn
n03126707	eng-30-03126707-n	hefkraan, hijskraan, kraan	odwn
n03127747	eng-30-03127747-n	bromfietshelm, motorhelm, valhelm	odwn
n03127925	eng-30-03127925-n	krat	odwn
n03131574	eng-30-03131574-n	kinderbed, wieg	odwn
n03133878	eng-30-03133878-n	crock Pot	google_translate
n03134739	eng-30-03134739-n	croquet bal	google_translate
n03141823	eng-30-03141823-n	kruk	google_translate
n03146219	eng-30-03146219-n	harnas, kuras	odwn
n03160309	eng-30-03160309-n	stuwdam, dam, dijk, waterdam, waterkering	odwn
n03179701	eng-30-03179701-n	lessenaar, schrijftafel, bureau	odwn
n03180011	eng-30-03180011-n	desktop computer	google_translate
n03187595	eng-30-03187595-n	draaitoestel	odwn
n03188531	eng-30-03188531-n	luier	odwn
n03196217	eng-30-03196217-n	digitale klok	google_translate
n03197337	eng-30-03197337-n	digitaal horloge	google_translate
n03201208	eng-30-03201208-n	eettafel, boord	google_translate
n03207743	eng-30-03207743-n	schotelvod, schoteldoek, vaatdoek, vod, wisdoek	odwn
n03207941	eng-30-03207941-n	afwasautomaat, vaatwasser, afwasmachine, vaatwasmachine	odwn
n03208938	eng-30-03208938-n	schijfrem	odwn
n03216828	eng-30-03216828-n	dok	odwn
n03218198	eng-30-03218198-n	hondenslee, hondenslee, hondenslee	google_translate
n03220513	eng-30-03220513-n	koepel	google_translate
n03223299	eng-30-03223299-n	deurmat, vloermat, voetmat	odwn
n03240683	eng-30-03240683-n	boorplatform, offshore-rig	google_translate
n03249569	eng-30-03249569-n	drum, kalfsvel, trom, trommel	odwn
n03250847	eng-30-03250847-n	drumstok, drumstokje, trommelstok	odwn
n03255030	eng-30-03255030-n	halter	google_translate
n03259280	eng-30-03259280-n	nederlandse oven	google_translate
n03271574	eng-30-03271574-n	elektrische ventilator, blazer	google_translate
n03272010	eng-30-03272010-n	elektrische gitaar	odwn
n03272562	eng-30-03272562-n	elektrische locomotief	odwn
n03290653	eng-30-03290653-n	entertainment center	google_translate
n03291819	eng-30-03291819-n	couvert, briefomslag, envelop, enveloppe, omslag	odwn
n03297495	eng-30-03297495-n	espresso-apparaat	google_translate
n03314780	eng-30-03314780-n	gezichtspoeder	google_translate
n03325584	eng-30-03325584-n	veren boa, boa	google_translate
n03337140	eng-30-03337140-n	archiefkast	odwn
n03344393	eng-30-03344393-n	fireboat	google_translate
n03345487	eng-30-03345487-n	brandweerauto, brandweerwagen, brandspuit, waterspuit	odwn
n03347037	eng-30-03347037-n	brandscherm, fireguard	google_translate
n03355925	eng-30-03355925-n	vlaggenstok, vlaggestok	odwn
n03372029	eng-30-03372029-n	dwarsfluit, fluit	odwn
n03376595	eng-30-03376595-n	klapstoel	odwn
n03379051	eng-30-03379051-n	voetbal helm	google_translate
n03384352	eng-30-03384352-n	heftruck, vorkheftruck	odwn
n03388043	eng-30-03388043-n	fontein, fonteintje	odwn
n03388183	eng-30-03388183-n	vulpen	odwn
n03388549	eng-30-03388549-n	hemelbed	odwn
n03393912	eng-30-03393912-n	goederenwagen, goederenwagon	odwn
n03394916	eng-30-03394916-n	hoorn, horen, waldhoorn	odwn
n03400231	eng-30-03400231-n	braadpan, bakpan, hapjespan, koekenpan	odwn
n03404251	eng-30-03404251-n	bontjas, bontmantel	odwn
n03417042	eng-30-03417042-n	vuilniswagen	odwn
n03424325	eng-30-03424325-n	gasmasker	odwn
n03425413	eng-30-03425413-n	benzinepomp	odwn
n03443371	eng-30-03443371-n	beker	google_translate
n03444034	eng-30-03444034-n	skelter	google_translate
n03445777	eng-30-03445777-n	golfbal	google_translate
n03445924	eng-30-03445924-n	golfwagentje, golfwagentje	google_translate
n03447447	eng-30-03447447-n	gondel	odwn
n03447721	eng-30-03447721-n	tamtam	odwn
n03450230	eng-30-03450230-n	gewaad	odwn
n03452741	eng-30-03452741-n	vleugelpiano, vleugel	odwn
n03457902	eng-30-03457902-n	broeikas, kas, serre	odwn
n03459775	eng-30-03459775-n	traliewerk, Radiatorrooster	google_translate
n03461385	eng-30-03461385-n	kruidenier	odwn
n03467068	eng-30-03467068-n	guillotine	odwn
n03476684	eng-30-03476684-n	haarspeld	google_translate
n03476991	eng-30-03476991-n	haarspray	google_translate
n03478589	eng-30-03478589-n	half spoor	google_translate
n03481172	eng-30-03481172-n	vuisthamer, vuist, hamer	odwn
n03482405	eng-30-03482405-n	korf, sluitmand, pakmand	odwn
n03483316	eng-30-03483316-n	föhn, haardroger	odwn
n03485407	eng-30-03485407-n	Handcomputer, Draagbare microcomputer	google_translate
n03485794	eng-30-03485794-n	zardock, zakdoek	odwn
n03492542	eng-30-03492542-n	vaste schijf, hard disk, harddisk	odwn
n03494278	eng-30-03494278-n	harmonica, mondharmonica, mondharmonika, mondorgel	odwn
n03495258	eng-30-03495258-n	harp	odwn
n03496892	eng-30-03496892-n	oogster, maaimachine	google_translate
n03498962	eng-30-03498962-n	bijl, hakbijl	odwn
n03527444	eng-30-03527444-n	holster, revolvertas	odwn
n03529860	eng-30-03529860-n	thuisbioscoop, thuisbioscoop	google_translate
n03530642	eng-30-03530642-n	honingraat	google_translate
n03532672	eng-30-03532672-n	haak, haakje	odwn
n03534580	eng-30-03534580-n	crinoline, hoepelrok	odwn
n03535780	eng-30-03535780-n	horizontale balk, rekstok	google_translate
n03538406	eng-30-03538406-n	paardenkar, paardenkar	google_translate
n03544143	eng-30-03544143-n	zandloper	odwn
n03584254	eng-30-03584254-n	iPod	odwn
n03584829	eng-30-03584829-n	strijkijzer	odwn
n03590841	eng-30-03590841-n	dwaallicht	google_translate
n03594734	eng-30-03594734-n	jeansbroek, blue jeans, jeans, spijkerbroek	odwn
n03594945	eng-30-03594945-n	land Rover	odwn
n03595614	eng-30-03595614-n	T-shirt, t-shirt	odwn
n03598930	eng-30-03598930-n	puzzel, legpuzzel	odwn
n03599486	eng-30-03599486-n	betjah, fietstaxi, riksja	odwn
n03602883	eng-30-03602883-n	stuurknuppel, bedieningshendel	odwn
n03617480	eng-30-03617480-n	kimono	odwn
n03623198	eng-30-03623198-n	kniebeschermer	google_translate
n03627232	eng-30-03627232-n	knoop	google_translate
n03630383	eng-30-03630383-n	Lab jas, laboratoriumjas	google_translate
n03633091	eng-30-03633091-n	sauslepel, soeplepel, juslepel, opscheplepel	odwn
n03637318	eng-30-03637318-n	lampekap, lampenkap	odwn
n03642806	eng-30-03642806-n	laptop, notebook, schootcomputer	odwn
n03649909	eng-30-03649909-n	maaier, grasmaaimachine, grasmaaier	odwn
n03657121	eng-30-03657121-n	lensklep, lenskap, oogschelp	odwn
n03658185	eng-30-03658185-n	briefopener, papiermes, vouwbeen	odwn
n03661043	eng-30-03661043-n	boekerij, bibliotheek	odwn
n03662601	eng-30-03662601-n	reddingsboot, vlot	odwn
n03666591	eng-30-03666591-n	vuurtje, aansteker	odwn
n03670208	eng-30-03670208-n	limo, limousin, limousine	odwn
n03673027	eng-30-03673027-n	voering, oceaanstomer	google_translate
n03676483	eng-30-03676483-n	lippenrood, lippenstift	odwn
n03680355	eng-30-03680355-n	leegloper	odwn
n03690938	eng-30-03690938-n	lotion	odwn
n03691459	eng-30-03691459-n	loudspeaker, luidspreker, speaker	odwn
n03692522	eng-30-03692522-n	loep	odwn
n03697007	eng-30-03697007-n	houtzagerij, zagerij	odwn
n03706229	eng-30-03706229-n	magnetisch kompas	google_translate
n03709823	eng-30-03709823-n	postzak	odwn
n03710193	eng-30-03710193-n	brievenbus	odwn
n03710637	eng-30-03710637-n	maillot	google_translate
n03710721	eng-30-03710721-n	maillot, tank suit	google_translate
n03717622	eng-30-03717622-n	putdeksel, riooldeksel	odwn
n03720891	eng-30-03720891-n	maraca	google_translate
n03721384	eng-30-03721384-n	marimba, xylofoon	odwn
n03724870	eng-30-03724870-n	masker, mom, mombakkes	odwn
n03729826	eng-30-03729826-n	luciferhoutje	google_translate
n03733131	eng-30-03733131-n	meiboom	odwn
n03733281	eng-30-03733281-n	doolhof, dwaaltuin, gangenstelsel, labyrint	odwn
n03733805	eng-30-03733805-n	maatbeker	odwn
n03742115	eng-30-03742115-n	medicijnkastje, medicijnkastje	google_translate
n03743016	eng-30-03743016-n	megaliet, megalitische structuur	google_translate
n03759954	eng-30-03759954-n	Mike, microfoon	odwn
n03761084	eng-30-03761084-n	magnetron	odwn
n03763968	eng-30-03763968-n	militair uniform	google_translate
n03764736	eng-30-03764736-n	melkkan	google_translate
n03769881	eng-30-03769881-n	busje	odwn
n03770439	eng-30-03770439-n	minirok	odwn
n03770679	eng-30-03770679-n	busje	google_translate
n03773504	eng-30-03773504-n	raket	google_translate
n03775071	eng-30-03775071-n	want	odwn
n03775546	eng-30-03775546-n	mengkom	google_translate
n03776460	eng-30-03776460-n	stacaravan	odwn
n03777568	eng-30-03777568-n	T-Ford	odwn
n03777754	eng-30-03777754-n	modem	odwn
n03781244	eng-30-03781244-n	abdij, communauteit, communiteit, convent, klooster, kloostergemeenschap, monnikenklooster	odwn
n03782006	eng-30-03782006-n	monitor	google_translate
n03785016	eng-30-03785016-n	bromfiets, brommer, plof	odwn
n03786901	eng-30-03786901-n	mortier, vijzel	odwn
n03787032	eng-30-03787032-n	baret	google_translate
n03788195	eng-30-03788195-n	mesigit, missigit, moskee	odwn
n03788365	eng-30-03788365-n	klamboe, muggengordijn, muggennet	odwn
n03791053	eng-30-03791053-n	scooter	odwn
n03792782	eng-30-03792782-n	BMX	odwn
n03792972	eng-30-03792972-n	berg tent	google_translate
n03793489	eng-30-03793489-n	computermuis, muis	odwn
n03794056	eng-30-03794056-n	muizeval	odwn
n03796401	eng-30-03796401-n	verhuisauto, verhuiswagen	odwn
n03803284	eng-30-03803284-n	snuit	google_translate
n03804744	eng-30-03804744-n	nagel, spijker	odwn
n03814639	eng-30-03814639-n	nek brace	google_translate
n03814906	eng-30-03814906-n	halsketting, halssieraad, halssnoer, ketting	odwn
n03825788	eng-30-03825788-n	tepel	google_translate
n03832673	eng-30-03832673-n	notitieboekje, notebook computer	google_translate
n03837869	eng-30-03837869-n	obelisk	odwn
n03838899	eng-30-03838899-n	hobo	odwn
n03840681	eng-30-03840681-n	okarina, ocarina	odwn
n03841143	eng-30-03841143-n	hodometer, kilometerteller, wegmeter	odwn
n03843555	eng-30-03843555-n	oliefilter	odwn
n03854065	eng-30-03854065-n	orgel, orgaan	odwn
n03857828	eng-30-03857828-n	oscilloscoop	odwn
n03866082	eng-30-03866082-n	overrok	google_translate
n03868242	eng-30-03868242-n	ossekar, ossenkar, ossenwagen, ossewagen	odwn
n03868863	eng-30-03868863-n	zuurstofmasker	odwn
n03871628	eng-30-03871628-n	pak, pakje	odwn
n03873416	eng-30-03873416-n	paddel, bat, batje	odwn
n03874293	eng-30-03874293-n	scheprad, scheprad	google_translate
n03874599	eng-30-03874599-n	hangslot	odwn
n03876231	eng-30-03876231-n	penseel, verfkwast	odwn
n03877472	eng-30-03877472-n	pyjama	odwn
n03877845	eng-30-03877845-n	paleis	odwn
n03884397	eng-30-03884397-n	panfluit, pandean pipe, syrinx	google_translate
n03887697	eng-30-03887697-n	keukenrol	odwn
n03888257	eng-30-03888257-n	parachute, springscherm, valscherm	odwn
n03888605	eng-30-03888605-n	brug	odwn
n03891251	eng-30-03891251-n	bank in het park	google_translate
n03891332	eng-30-03891332-n	parkeermeter	odwn
n03895866	eng-30-03895866-n	equipage	odwn
n03899768	eng-30-03899768-n	terras	odwn
n03902125	eng-30-03902125-n	munttelefoon	odwn
n03903868	eng-30-03903868-n	plint, voetstuk, sokkel	odwn
n03908618	eng-30-03908618-n	etui, pennenzak	odwn
n03908714	eng-30-03908714-n	slijper	odwn
n03916031	eng-30-03916031-n	essence, parfum	odwn
n03920288	eng-30-03920288-n	petrischaal	odwn
n03924679	eng-30-03924679-n	fotokopieerapparaat	odwn
n03929660	eng-30-03929660-n	plectrum	odwn
n03929855	eng-30-03929855-n	pickelhaube	google_translate
n03930313	eng-30-03930313-n	paalwerk, palissade	odwn
n03930630	eng-30-03930630-n	oppakken, pick-up truck	google_translate
n03933933	eng-30-03933933-n	strekdam	odwn
n03935335	eng-30-03935335-n	spaarvarken, spaarpot	odwn
n03937543	eng-30-03937543-n	pillenfles	google_translate
n03938244	eng-30-03938244-n	kussen, peluw, oorkussen, hoofdkussen	odwn
n03942813	eng-30-03942813-n	tafeltennis balletje	google_translate
n03944341	eng-30-03944341-n	pinwheel	google_translate
n03947888	eng-30-03947888-n	piraat, piratenschip	google_translate
n03950228	eng-30-03950228-n	lampetkan, kan	odwn
n03954731	eng-30-03954731-n	vlak, plane timmerman, houtbewerking plane	google_translate
n03956157	eng-30-03956157-n	planetarium	odwn
n03958227	eng-30-03958227-n	plastieken zak	google_translate
n03961711	eng-30-03961711-n	bordenrek	google_translate
n03967562	eng-30-03967562-n	ploeg	odwn
n03970156	eng-30-03970156-n	plunjer, loodgieter helper	google_translate
n03976467	eng-30-03976467-n	polaroidcamera	odwn
n03976657	eng-30-03976657-n	paal, boom, polsstok, staak	odwn
n03977966	eng-30-03977966-n	overvalwagen	odwn
n03980874	eng-30-03980874-n	poncho	google_translate
n03982430	eng-30-03982430-n	biljart, tafelbiljart	odwn
n03983396	eng-30-03983396-n	pop fles, sodafles	google_translate
n03991062	eng-30-03991062-n	bloempot	odwn
n03992509	eng-30-03992509-n	draaischijf, pottenbakkersschijf, pottenbakkerswiel	odwn
n03995372	eng-30-03995372-n	boormachine	google_translate
n03998194	eng-30-03998194-n	gebedskleed	odwn
n04004767	eng-30-04004767-n	printer	odwn
n04005630	eng-30-04005630-n	penitentiaire inrichting, huis van bewaring, gevangenis	odwn
n04008634	eng-30-04008634-n	raket, projectiel	odwn
n04009552	eng-30-04009552-n	projectieapparaat, projectietoestel, projector	odwn
n04019541	eng-30-04019541-n	puck	odwn
n04023962	eng-30-04023962-n	bokszak, stootzak	odwn
n04026417	eng-30-04026417-n	beurs, geldbuidel, geldtas, geldzak, knip, portemonnee, zak	odwn
n04033901	eng-30-04033901-n	schacht, ganzenveer	google_translate
n04033995	eng-30-04033995-n	quilt, poederdons	odwn
n04037443	eng-30-04037443-n	racefiets	odwn
n04039381	eng-30-04039381-n	raket, racket	odwn
n04040759	eng-30-04040759-n	radiator, verwarmingselement	odwn
n04041544	eng-30-04041544-n	radio	odwn
n04044716	eng-30-04044716-n	Radio Telescoop, radio reflector	google_translate
n04049303	eng-30-04049303-n	regenvat	google_translate
n04065272	eng-30-04065272-n	recreatie voertuig, RV, R.V.	google_translate
n04067472	eng-30-04067472-n	haspel	google_translate
n04069434	eng-30-04069434-n	reflex camera	google_translate
n04070727	eng-30-04070727-n	ijskast, koelkast	odwn
n04074963	eng-30-04074963-n	afgelegen, onwaarschijnlijk, afstandsbesturing, afstandsbediening	odwn
n04081281	eng-30-04081281-n	eetcafe, eetgelegenheid, eethuis, eettent, restaurant	odwn
n04086273	eng-30-04086273-n	revolver	odwn
n04090263	eng-30-04090263-n	karabijn, geweer, proppenschieter, schietgeweer, schietijzer, spuit	odwn
n04099969	eng-30-04099969-n	schommelstoel	odwn
n04111531	eng-30-04111531-n	rotisserie	google_translate
n04116512	eng-30-04116512-n	gom, gum, stuf, vlakgom	odwn
n04118538	eng-30-04118538-n	rugbybal	odwn
n04118776	eng-30-04118776-n	maat, maatlat, meetlat, scepter	odwn
n04120489	eng-30-04120489-n	ren schoen	google_translate
n04125021	eng-30-04125021-n	veilig	google_translate
n04127249	eng-30-04127249-n	sluitspeld, toespeld, veiligheidsspeld	odwn
n04131690	eng-30-04131690-n	Zout schudder, Zout schudder	google_translate
n04133789	eng-30-04133789-n	Jezusnikes, sandaal, zool	odwn
n04136333	eng-30-04136333-n	sarong	odwn
n04141076	eng-30-04141076-n	sax, saxofoon	odwn
n04141327	eng-30-04141327-n	schede	odwn
n04141975	eng-30-04141975-n	schaal, weegschaal, weegtoestel	odwn
n04146614	eng-30-04146614-n	schoolbus	odwn
n04147183	eng-30-04147183-n	schoener	odwn
n04149813	eng-30-04149813-n	scorebord, uitslagenbord	odwn
n04152593	eng-30-04152593-n	televisiescherm	odwn
n04153751	eng-30-04153751-n	schroef	odwn
n04154565	eng-30-04154565-n	schroevedraaier, schroevendraaier	odwn
n04162706	eng-30-04162706-n	gordel, veiligheidsgordel	odwn
n04179913	eng-30-04179913-n	naaimachine	odwn
n04192698	eng-30-04192698-n	bescherming, schild	odwn
n04200800	eng-30-04200800-n	schoenenwinkel, schoenenzaak	odwn
n04201297	eng-30-04201297-n	shoji	google_translate
n04204238	eng-30-04204238-n	boodschappenmandje	odwn
n04204347	eng-30-04204347-n	winkelwagen	odwn
n04208210	eng-30-04208210-n	schop, schep, schepje	odwn
n04209133	eng-30-04209133-n	douchekop	google_translate
n04209239	eng-30-04209239-n	douchegordijn	odwn
n04228054	eng-30-04228054-n	ski	odwn
n04229816	eng-30-04229816-n	ski masker	google_translate
n04235860	eng-30-04235860-n	slaapzak	odwn
n04238763	eng-30-04238763-n	rekenliniaal, Slipstick	google_translate
n04239074	eng-30-04239074-n	roldeur, schuifdeur	odwn
n04243546	eng-30-04243546-n	eenarmige bandiet, gokautomaat, gokkast	odwn
n04251144	eng-30-04251144-n	snorkel	google_translate
n04252077	eng-30-04252077-n	sneeuwscooter	odwn
n04252225	eng-30-04252225-n	sneeuwploeg, sneeuwruimer, sneeuwschuiver	odwn
n04254120	eng-30-04254120-n	zeeppomp	google_translate
n04254680	eng-30-04254680-n	voetbal	google_translate
n04254777	eng-30-04254777-n	sok	odwn
n04258138	eng-30-04258138-n	zonnecollector	odwn
n04259630	eng-30-04259630-n	sombrero	google_translate
n04263257	eng-30-04263257-n	soepkom	odwn
n04264628	eng-30-04264628-n	spatiebalk, spatietoets	odwn
n04265275	eng-30-04265275-n	kachel	odwn
n04266014	eng-30-04266014-n	ruimtependel, ruimteveer, shuttle, space-shuttle	odwn
n04270147	eng-30-04270147-n	spatel	google_translate
n04273569	eng-30-04273569-n	speedboot	google_translate
n04275548	eng-30-04275548-n	spinnenweb, spinnenweb	google_translate
n04277352	eng-30-04277352-n	spil	google_translate
n04285008	eng-30-04285008-n	sportwagen, sportauto	google_translate
n04286575	eng-30-04286575-n	straler	odwn
n04296562	eng-30-04296562-n	podium, verhoog	odwn
n04310018	eng-30-04310018-n	stoomlocomotief	odwn
n04311004	eng-30-04311004-n	stalen boogbrug	google_translate
n04311174	eng-30-04311174-n	staaltrommel	google_translate
n04317175	eng-30-04317175-n	stethoscoop	odwn
n04325704	eng-30-04325704-n	stola	odwn
n04326547	eng-30-04326547-n	stenen muur	google_translate
n04328186	eng-30-04328186-n	stopwatch, stopwatch	google_translate
n04330267	eng-30-04330267-n	haard, kachel, kacheltje, verwarmingstoestel	odwn
n04332243	eng-30-04332243-n	vergiet, zeef	odwn
n04335435	eng-30-04335435-n	mijnwagen, tram	odwn
n04336792	eng-30-04336792-n	draagbaar, baar, brancard	odwn
n04344873	eng-30-04344873-n	slaapbank, dag bed	google_translate
n04346328	eng-30-04346328-n	stoepa	odwn
n04347754	eng-30-04347754-n	U-boot, duikboot, onderzeeboot, onderzeeër	odwn
n04350905	eng-30-04350905-n	kleur, kostuum, zaak, pak	odwn
n04355338	eng-30-04355338-n	zonnewijzer	odwn
n04355933	eng-30-04355933-n	zonnebril	odwn
n04356056	eng-30-04356056-n	zonnebril	odwn
n04357314	eng-30-04357314-n	zonnebrandcrème	odwn
n04366367	eng-30-04366367-n	hangbrug, kettingbrug	odwn
n04367480	eng-30-04367480-n	zwabber	odwn
n04370456	eng-30-04370456-n	sweater	odwn
n04371430	eng-30-04371430-n	zwembroek	odwn
n04371774	eng-30-04371774-n	schommel	google_translate
n04372370	eng-30-04372370-n	contact, schakelaar, schakelknop	odwn
n04376876	eng-30-04376876-n	injectiespuit, injectiespuitje, spuit	odwn
n04380533	eng-30-04380533-n	tafellamp	odwn
n04389033	eng-30-04389033-n	gevechtswagen, tank	odwn
n04392985	eng-30-04392985-n	cassettespeler	google_translate
n04398044	eng-30-04398044-n	theepot	odwn
n04399382	eng-30-04399382-n	knuffelbeer, teddybeer	odwn
n04404412	eng-30-04404412-n	televisie, televisiesysteem	google_translate
n04409515	eng-30-04409515-n	tennisbal	odwn
n04417672	eng-30-04417672-n	strobedekking, strodak	odwn
n04418357	eng-30-04418357-n	doek, scherm, toneelgordijn, toneelscherm	odwn
n04423845	eng-30-04423845-n	kous, vingerhoed	odwn
n04428191	eng-30-04428191-n	dorsmachine, zeevos, dorsmachine	google_translate
n04429376	eng-30-04429376-n	troon	google_translate
n04435653	eng-30-04435653-n	tegel dak	google_translate
n04442312	eng-30-04442312-n	broodrooster, tosti-apparaat, tostiapparaat	odwn
n04443257	eng-30-04443257-n	sigarenmagazijn, sigarenwinkel, tabakswinkel	odwn
n04447861	eng-30-04447861-n	wc-bril	odwn
n04456115	eng-30-04456115-n	toorts	google_translate
n04458633	eng-30-04458633-n	totempaal	odwn
n04461696	eng-30-04461696-n	takelwagen	odwn
n04462240	eng-30-04462240-n	speelgoedwinkel	odwn
n04465501	eng-30-04465501-n	motortrekker, tractor, trekker, wieltrekker	odwn
n04467665	eng-30-04467665-n	vrachtwagen met aanhanger, traktor aanhanger, trucking tuig, tuig, vrachtwagencombinatie, semi	google_translate
n04476259	eng-30-04476259-n	serveerblad, blad, dienblad, plateau, presenteerblad, schenkblad, theeblad	odwn
n04479046	eng-30-04479046-n	lange jas	odwn
n04482393	eng-30-04482393-n	driewieler, kinderfiets	odwn
n04483307	eng-30-04483307-n	trimaran	odwn
n04485082	eng-30-04485082-n	statief	odwn
n04486054	eng-30-04486054-n	ereboog, erepoort, triomfboog, zegeboog	odwn
n04487081	eng-30-04487081-n	trolleybus, trolley coach, ongebaande trolley	google_translate
n04487394	eng-30-04487394-n	bazuin, schuiftrombone, schuiftrompet, trombone	odwn
n04493381	eng-30-04493381-n	tobbe, wastobbe	odwn
n04501370	eng-30-04501370-n	draaihek, klaphek, tourniquet	odwn
n04505470	eng-30-04505470-n	schrijfmachinetoetsenbord	google_translate
n04507155	eng-30-04507155-n	paraplu	google_translate
n04509417	eng-30-04509417-n	eenwieler	odwn
n04515003	eng-30-04515003-n	rechtop, piano	google_translate
n04517823	eng-30-04517823-n	stofzuigen, stofzuiger	odwn
n04522168	eng-30-04522168-n	bloemenvaas, pul, vaas	odwn
n04523525	eng-30-04523525-n	welving, gewelf	odwn
n04525038	eng-30-04525038-n	fluweel, manchester, velvet	odwn
n04525305	eng-30-04525305-n	verkoopautomaat, automaat	odwn
n04532106	eng-30-04532106-n	gewaad, misgewaad, mishemd, miskleed	odwn
n04532670	eng-30-04532670-n	viaduct	odwn
n04536866	eng-30-04536866-n	vedel, fiedel, viool	odwn
n04540053	eng-30-04540053-n	volleybal	odwn
n04542943	eng-30-04542943-n	wafelijzer	odwn
n04548280	eng-30-04548280-n	wandklok	odwn
n04548362	eng-30-04548362-n	portefeuille, portemonnee	odwn
n04550184	eng-30-04550184-n	kledingkast, kleerkast, kast	odwn
n04552348	eng-30-04552348-n	gevechtsvliegtuig	odwn
n04553703	eng-30-04553703-n	fonteintje, wastafel, waskom, lavabo, wastafel	google_translate
n04554684	eng-30-04554684-n	wasmachine	odwn
n04557648	eng-30-04557648-n	bedkruik, bidon, kruik, warmwaterzak	odwn
n04560804	eng-30-04560804-n	water kan	google_translate
n04562935	eng-30-04562935-n	pompstation, waterstation, watertoren	odwn
n04579145	eng-30-04579145-n	whisky kruik	google_translate
n04579432	eng-30-04579432-n	fluittoon	odwn
n04584207	eng-30-04584207-n	pruik	odwn
n04589890	eng-30-04589890-n	raamscherm	google_translate
n04590129	eng-30-04590129-n	Zonnescherm	google_translate
n04591157	eng-30-04591157-n	Windsor tie	google_translate
n04591713	eng-30-04591713-n	wijnfles	google_translate
n04592741	eng-30-04592741-n	vleugel	odwn
n04596742	eng-30-04596742-n	wokken, wadjan, wadjang, wok	odwn
n04597913	eng-30-04597913-n	houten lepel	google_translate
n04599235	eng-30-04599235-n	wol, schapenvacht, schapenwol, schapewol	odwn
n04604644	eng-30-04604644-n	worm hek, slang hek, snake-spooromheining, Virginia hek	google_translate
n04606251	eng-30-04606251-n	wrak	google_translate
n04612504	eng-30-04612504-n	jol	google_translate
n04613696	eng-30-04613696-n	yurt	google_translate
n06359193	eng-30-06359193-n	website	odwn
n06596364	eng-30-06596364-n	stripboek	google_translate
n06785654	eng-30-06785654-n	kruiswoordpuzzel, kruiswoordraadsel	odwn
n06794110	eng-30-06794110-n	straatnaambordje	odwn
n06874185	eng-30-06874185-n	stoplicht, verkeerslicht, stopsein, stopsignaal	odwn
n07248320	eng-30-07248320-n	boekomslag, flap	odwn
n07565083	eng-30-07565083-n	menu	google_translate
n07579787	eng-30-07579787-n	bord	google_translate
n07583066	eng-30-07583066-n	guacamole	google_translate
n07584110	eng-30-07584110-n	consommé	odwn
n07590611	eng-30-07590611-n	hot pot, jachtschotel	google_translate
n07613480	eng-30-07613480-n	puddingtaart	odwn
n07614500	eng-30-07614500-n	roomijs, ijs, ijsco, ijsje	odwn
n07615774	eng-30-07615774-n	ijslolly, lolly	odwn
n07684084	eng-30-07684084-n	Frans brood	google_translate
n07693725	eng-30-07693725-n	bagel	odwn
n07695742	eng-30-07695742-n	zoute krakeling, pretzel	odwn
n07697313	eng-30-07697313-n	kaasburger, cheeseburger	odwn
n07697537	eng-30-07697537-n	hotdog, hotdog, roodgloeiend	google_translate
n07711569	eng-30-07711569-n	aardappelpuree	google_translate
n07714571	eng-30-07714571-n	sluitkool	google_translate
n07714990	eng-30-07714990-n	broccoli	odwn
n07715103	eng-30-07715103-n	bloemkool	odwn
n07716358	eng-30-07716358-n	courgette, courgette	google_translate
n07716906	eng-30-07716906-n	spaghettipompoen	google_translate
n07717410	eng-30-07717410-n	eikelpompoen	google_translate
n07717556	eng-30-07717556-n	pompoen	google_translate
n07718472	eng-30-07718472-n	komkommer	odwn
n07718747	eng-30-07718747-n	artisjok	odwn
n07720875	eng-30-07720875-n	paprika	google_translate
n07730033	eng-30-07730033-n	kardoen	odwn
n07734744	eng-30-07734744-n	paddenstoel, op het puntje van zijn tong, zwam	odwn
n07742313	eng-30-07742313-n	Granny Smith	google_translate
n07745940	eng-30-07745940-n	aardbei	google_translate
n07747607	eng-30-07747607-n	appelsienenboom, sinaasappelboom, appelsien, sinaasappel	odwn
n07749582	eng-30-07749582-n	citroen	odwn
n07753113	eng-30-07753113-n	vijg	google_translate
n07753275	eng-30-07753275-n	ananas	odwn
n07753592	eng-30-07753592-n	bananengeel	odwn
n07754684	eng-30-07754684-n	jackfruit, jak, vijzel	google_translate
n07760859	eng-30-07760859-n	vlaappel	google_translate
n07768694	eng-30-07768694-n	granaatappel	google_translate
n07802026	eng-30-07802026-n	hooi	odwn
n07831146	eng-30-07831146-n	carbonara	google_translate
n07836838	eng-30-07836838-n	chocolade saus, chocolade siroop	google_translate
n07860988	eng-30-07860988-n	deeg	odwn
n07871810	eng-30-07871810-n	gehakt, gehaktbrood	odwn
n07873807	eng-30-07873807-n	pizza	odwn
n07875152	eng-30-07875152-n	hutspot	google_translate
n07880968	eng-30-07880968-n	burrito	google_translate
n07892512	eng-30-07892512-n	rode wijn	odwn
n07920052	eng-30-07920052-n	espresso, espresso(-koffie), espressokoffie	odwn
n07930864	eng-30-07930864-n	kop	google_translate
n07932039	eng-30-07932039-n	Advocaat, advokaat	odwn
n09193705	eng-30-09193705-n	bergtop, alp	odwn
n09229709	eng-30-09229709-n	bel	odwn
n09246464	eng-30-09246464-n	klif, klip	odwn
n09256479	eng-30-09256479-n	koraalbank, koraalrif, puinwal	odwn
n09288635	eng-30-09288635-n	geizer, geiser	odwn
n09332890	eng-30-09332890-n	Lakeside, oever, meeroever	odwn
n09399592	eng-30-09399592-n	hoek, kaap, landpunt	odwn
n09421951	eng-30-09421951-n	zandbank	odwn
n09428293	eng-30-09428293-n	zeekust, zeekant, kustlijn, kust	odwn
n09468604	eng-30-09468604-n	dal, vallei	odwn
n09472597	eng-30-09472597-n	vulkaan, vuurberg	odwn
n09835506	eng-30-09835506-n	ballplayer, basketbal speler	google_translate
n10148035	eng-30-10148035-n	bruidegom	odwn
n10565667	eng-30-10565667-n	duiker	google_translate
n11879895	eng-30-11879895-n	koolzaad, raapzaad	odwn
n11939491	eng-30-11939491-n	margriet, Margriet, Madelief, madeliefje	odwn
n12057211	eng-30-12057211-n	slipper geel dame, gele dame-slipper, vrouwenschoentje, Cypripedium parviflorum	google_translate
n12144580	eng-30-12144580-n	maïs	google_translate
n12267677	eng-30-12267677-n	eikel	odwn
n12620546	eng-30-12620546-n	bottel, rozebottel, rozenbottel	odwn
n12768682	eng-30-12768682-n	Buckeye, paardekastanje, conker	google_translate
n12985857	eng-30-12985857-n	koraal schimmel	google_translate
n12998815	eng-30-12998815-n	plaatzwam	odwn
n13037406	eng-30-13037406-n	Gyromitra	google_translate
n13040303	eng-30-13040303-n	stinkhorn, aas schimmel	google_translate
n13044778	eng-30-13044778-n	aardster	google_translate
n13052670	eng-30-13052670-n	kip-of-the-woods, duivin van het bos, Polyporus frondosus, frondosa	google_translate
n13054560	eng-30-13054560-n	bolete	google_translate
n13133613	eng-30-13133613-n	aar, korenaar	odwn
n15075141	eng-30-15075141-n	pleepapier, toiletpapier, wc-papier	odwn
