key	wordnet_id	english	translation
n01496331	eng-30-01496331-n	electric ray	sidderrog
n01496331	eng-30-01496331-n	crampfish	crampfish
n01496331	eng-30-01496331-n	numbfish	numbfish
n01496331	eng-30-01496331-n	torpedo	torpedo-
n01530575	eng-30-01530575-n	brambling	brambling
n01530575	eng-30-01530575-n	Fringilla montifringilla	Fringilla montifringilla
n01531178	eng-30-01531178-n	goldfinch	distelvink
n01531178	eng-30-01531178-n	Carduelis carduelis	Carduelis carduelis
n01534433	eng-30-01534433-n	junco	junco
n01534433	eng-30-01534433-n	snowbird	lijster
n01537544	eng-30-01537544-n	indigo bunting	indigobunting
n01537544	eng-30-01537544-n	indigo finch	indigo vink
n01537544	eng-30-01537544-n	indigo bird	indigo vogel
n01537544	eng-30-01537544-n	Passerina cyanea	Passerina cyanea
n01558993	eng-30-01558993-n	robin	roodborstje
n01558993	eng-30-01558993-n	American robin	Amerikaanse robin
n01558993	eng-30-01558993-n	Turdus migratorius	Turdus migratorius
n01560419	eng-30-01560419-n	bulbul	bulbul
n01608432	eng-30-01608432-n	kite	vlieger
n01614925	eng-30-01614925-n	bald eagle	bald eagle
n01614925	eng-30-01614925-n	American eagle	Amerikaanse zeearend
n01614925	eng-30-01614925-n	Haliaeetus leucocephalus	Haliaeetus leucocephalus
n01622779	eng-30-01622779-n	great grey owl	grote grijze uil
n01622779	eng-30-01622779-n	great gray owl	grote grijze uil
n01622779	eng-30-01622779-n	Strix nebulosa	Strix nebulosa
n01629819	eng-30-01629819-n	European fire salamander	European fire salamander
n01629819	eng-30-01629819-n	Salamandra salamandra	salamandra salamandra
n01630670	eng-30-01630670-n	common newt	gemeenschappelijke newt
n01630670	eng-30-01630670-n	Triturus vulgaris	Triturus vulgaris
n01631663	eng-30-01631663-n	eft	eft
n01632458	eng-30-01632458-n	spotted salamander	bevlekte salamander
n01632458	eng-30-01632458-n	Ambystoma maculatum	Ambystoma maculatum
n01644900	eng-30-01644900-n	tailed frog	ascaphus
n01644900	eng-30-01644900-n	bell toad	bell pad
n01644900	eng-30-01644900-n	ribbed toad	geribbelde pad
n01644900	eng-30-01644900-n	tailed toad	tailed pad
n01644900	eng-30-01644900-n	Ascaphus trui	Ascaphus trui
n01664065	eng-30-01664065-n	loggerhead	onechte
n01664065	eng-30-01664065-n	loggerhead turtle	onechte karetschildpad
n01664065	eng-30-01664065-n	Caretta caretta	Caretta Caretta
n01665541	eng-30-01665541-n	leatherback turtle	lederschildpad
n01665541	eng-30-01665541-n	leatherback	lederschildpad
n01665541	eng-30-01665541-n	leathery turtle	leerachtige schildpad
n01665541	eng-30-01665541-n	Dermochelys coriacea	Dermochelys coriacea
n01667114	eng-30-01667114-n	mud turtle	modderschildpad
n01669191	eng-30-01669191-n	box turtle	doosschildpad
n01669191	eng-30-01669191-n	box tortoise	doos schildpad
n01675722	eng-30-01675722-n	banded gecko	gestreepte gekko
n01682714	eng-30-01682714-n	American chameleon	Amerikaanse kameleon
n01682714	eng-30-01682714-n	anole	anole
n01682714	eng-30-01682714-n	Anolis carolinensis	Anolis carolinensis
n01685808	eng-30-01685808-n	whiptail	whiptail
n01685808	eng-30-01685808-n	whiptail lizard	whiptail hagedis
n01687978	eng-30-01687978-n	agama	agama
n01688243	eng-30-01688243-n	frilled lizard	kraaghagedis
n01688243	eng-30-01688243-n	Chlamydosaurus kingi	Chlamydosaurus kingi
n01689811	eng-30-01689811-n	alligator lizard	krokodillehagedis
n01693334	eng-30-01693334-n	green lizard	groene hagedis
n01693334	eng-30-01693334-n	Lacerta viridis	Lacerta viridis
n01694178	eng-30-01694178-n	African chameleon	Afrikaanse kameleon
n01694178	eng-30-01694178-n	Chamaeleo chamaeleon	Chamaeleo chamaeleon
n01697457	eng-30-01697457-n	African crocodile	Afrikaanse krokodil
n01697457	eng-30-01697457-n	Nile crocodile	Nijlkrokodil
n01697457	eng-30-01697457-n	Crocodylus niloticus	Crocodylus niloticus
n01698640	eng-30-01698640-n	American alligator	Amerikaanse alligator
n01698640	eng-30-01698640-n	Alligator mississipiensis	alligator Mississipiensis
n01728572	eng-30-01728572-n	thunder snake	donder slang
n01728572	eng-30-01728572-n	worm snake	worm slang
n01728572	eng-30-01728572-n	Carphophis amoenus	carphophis amoenus
n01728920	eng-30-01728920-n	ringneck snake	ringneck slang
n01728920	eng-30-01728920-n	ring-necked snake	ringnekslang
n01728920	eng-30-01728920-n	ring snake	ring slang
n01729322	eng-30-01729322-n	hognose snake	slang Hognose
n01729322	eng-30-01729322-n	puff adder	pofadder
n01729322	eng-30-01729322-n	sand viper	zandadder
n01729977	eng-30-01729977-n	green snake	groene slang
n01729977	eng-30-01729977-n	grass snake	ringslang
n01734418	eng-30-01734418-n	king snake	king snake
n01734418	eng-30-01734418-n	kingsnake	kingsnake
n01735189	eng-30-01735189-n	garter snake	kousenbandslang
n01735189	eng-30-01735189-n	grass snake	ringslang
n01737021	eng-30-01737021-n	water snake	Waterslang
n01739381	eng-30-01739381-n	vine snake	twijgslang
n01740131	eng-30-01740131-n	night snake	nacht slang
n01740131	eng-30-01740131-n	Hypsiglena torquata	hypsiglena torquata
n01742172	eng-30-01742172-n	boa constrictor	reuzenslang
n01742172	eng-30-01742172-n	Constrictor constrictor	constrictor constrictor
n01744401	eng-30-01744401-n	rock python	rots python
n01744401	eng-30-01744401-n	rock snake	rots slang
n01744401	eng-30-01744401-n	Python sebae	Python sebae
n01748264	eng-30-01748264-n	Indian cobra	Indian cobra
n01748264	eng-30-01748264-n	Naja naja	Naja naja
n01749939	eng-30-01749939-n	green mamba	groene mamba
n01751748	eng-30-01751748-n	sea snake	zeeslang
n01753488	eng-30-01753488-n	horned viper	gehoornde adder
n01753488	eng-30-01753488-n	cerastes	adder
n01753488	eng-30-01753488-n	sand viper	zandadder
n01753488	eng-30-01753488-n	horned asp	gehoornde asp
n01753488	eng-30-01753488-n	Cerastes cornutus	cerastes cornutus
n01755581	eng-30-01755581-n	diamondback	diamondback
n01755581	eng-30-01755581-n	diamondback rattlesnake	diamondbackratelslang
n01755581	eng-30-01755581-n	Crotalus adamanteus	Crotalus adamanteus
n01756291	eng-30-01756291-n	sidewinder	slag van terzijde
n01756291	eng-30-01756291-n	horned rattlesnake	gehoornde ratelslang
n01756291	eng-30-01756291-n	Crotalus cerastes	hoornratelslang
n01768244	eng-30-01768244-n	trilobite	trilobite
n01773157	eng-30-01773157-n	black and gold garden spider	zwart en goud kruisspin
n01773157	eng-30-01773157-n	Argiope aurantia	argiope aurantia
n01773549	eng-30-01773549-n	barn spider	schuur spider
n01773549	eng-30-01773549-n	Araneus cavaticus	Araneus cavaticus
n01773797	eng-30-01773797-n	garden spider	kruisspin
n01773797	eng-30-01773797-n	Aranea diademata	Aranea diademata
n01775062	eng-30-01775062-n	wolf spider	wolf spider
n01775062	eng-30-01775062-n	hunting spider	jacht spider
n01797886	eng-30-01797886-n	ruffed grouse	ruffed hoen
n01797886	eng-30-01797886-n	partridge	patrijs
n01797886	eng-30-01797886-n	Bonasa umbellus	Bonasa umbellus
n01798484	eng-30-01798484-n	prairie chicken	prairiekip
n01798484	eng-30-01798484-n	prairie grouse	prairie hoen
n01798484	eng-30-01798484-n	prairie fowl	prairie gevogelte
n01817953	eng-30-01817953-n	African grey	Afrikaanse grijze
n01817953	eng-30-01817953-n	African gray	Afrikaanse grijze
n01817953	eng-30-01817953-n	Psittacus erithacus	Psittacus erithacus
n01819313	eng-30-01819313-n	sulphur-crested cockatoo	Zwavel kuifkaketoe
n01819313	eng-30-01819313-n	Kakatoe galerita	Kakatoe galerita
n01819313	eng-30-01819313-n	Cacatua galerita	Cacatua galerita
n01820546	eng-30-01820546-n	lorikeet	lori
n01824575	eng-30-01824575-n	coucal	coucal
n01828970	eng-30-01828970-n	bee eater	bijeneter
n01829413	eng-30-01829413-n	hornbill	neushoornvogel
n01843065	eng-30-01843065-n	jacamar	jacamar
n01855032	eng-30-01855032-n	red-breasted merganser	middelste zaagbek
n01855032	eng-30-01855032-n	Mergus serrator	Mergus serrator
n01855672	eng-30-01855672-n	goose	gans
n01860187	eng-30-01860187-n	black swan	zwarte zwaan
n01860187	eng-30-01860187-n	Cygnus atratus	Cygnus atratus
n01914609	eng-30-01914609-n	sea anemone	zeeanemoon
n01914609	eng-30-01914609-n	anemone	anemoon
n01917289	eng-30-01917289-n	brain coral	hersenenkoraal
n01950731	eng-30-01950731-n	sea slug	zeeslak
n01950731	eng-30-01950731-n	nudibranch	naaktslak
n01955084	eng-30-01955084-n	chiton	chiton
n01955084	eng-30-01955084-n	coat-of-mail shell	coat-of-mail shell
n01955084	eng-30-01955084-n	sea cradle	zee cradle
n01955084	eng-30-01955084-n	polyplacophore	polyplacophore
n01968897	eng-30-01968897-n	chambered nautilus	chambered nautilus
n01968897	eng-30-01968897-n	pearly nautilus	parelachtige nautilus
n01968897	eng-30-01968897-n	nautilus	nautilus
n01978287	eng-30-01978287-n	Dungeness crab	dungenesskrab
n01978287	eng-30-01978287-n	Cancer magister	Cancer magister
n01978455	eng-30-01978455-n	rock crab	rotskrab
n01978455	eng-30-01978455-n	Cancer irroratus	cancer irroratus
n01980166	eng-30-01980166-n	fiddler crab	fiddlerkrab
n01981276	eng-30-01981276-n	king crab	koning krab
n01981276	eng-30-01981276-n	Alaska crab	Alaska krab
n01981276	eng-30-01981276-n	Alaskan king crab	Koningskrab Van Alaska
n01981276	eng-30-01981276-n	Alaska king crab	Alaska king krab
n01981276	eng-30-01981276-n	Paralithodes camtschatica	Paralithodes camtschatica
n01983481	eng-30-01983481-n	American lobster	Amerikaanse kreeft
n01983481	eng-30-01983481-n	Northern lobster	Northern kreeft
n01983481	eng-30-01983481-n	Maine lobster	Maine kreeft
n01983481	eng-30-01983481-n	Homarus americanus	Homarus americanus
n01984695	eng-30-01984695-n	spiny lobster	langoest
n01984695	eng-30-01984695-n	langouste	langouste
n01984695	eng-30-01984695-n	rock lobster	steen kreeft
n01984695	eng-30-01984695-n	crawfish	rivierkreeft
n01984695	eng-30-01984695-n	crayfish	rivierkreeft
n01984695	eng-30-01984695-n	sea crawfish	langoesten
n01990800	eng-30-01990800-n	isopod	isopod
n02002724	eng-30-02002724-n	black stork	zwarte ooievaar
n02002724	eng-30-02002724-n	Ciconia nigra	Ciconia nigra
n02009229	eng-30-02009229-n	little blue heron	weinig blauwe reiger
n02009229	eng-30-02009229-n	Egretta caerulea	Egretta caerulea
n02009912	eng-30-02009912-n	American egret	Amerikaanse zilverreiger
n02009912	eng-30-02009912-n	great white heron	grote witte reiger
n02009912	eng-30-02009912-n	Egretta albus	Egretta albus
n02013706	eng-30-02013706-n	limpkin	limpkin
n02013706	eng-30-02013706-n	Aramus pictus	Aramus pictus
n02017213	eng-30-02017213-n	European gallinule	Europese gallinule
n02017213	eng-30-02017213-n	Porphyrio porphyrio	Porphyrio porphyrio
n02018207	eng-30-02018207-n	American coot	Amerikaanse Koet
n02018207	eng-30-02018207-n	marsh hen	moeras kip
n02018207	eng-30-02018207-n	mud hen	modder duivin
n02018207	eng-30-02018207-n	water hen	waterhoen
n02018207	eng-30-02018207-n	Fulica americana	Fulica americana
n02025239	eng-30-02025239-n	ruddy turnstone	Steenloper
n02025239	eng-30-02025239-n	Arenaria interpres	arenaria interpres
n02027492	eng-30-02027492-n	red-backed sandpiper	-Red-backed strandloper
n02027492	eng-30-02027492-n	dunlin	dunlin
n02027492	eng-30-02027492-n	Erolia alpina	Erolia alpina
n02028035	eng-30-02028035-n	redshank	perzikkruid
n02028035	eng-30-02028035-n	Tringa totanus	tringatotanus
n02033041	eng-30-02033041-n	dowitcher	Dowitcher
n02066245	eng-30-02066245-n	grey whale	grijze walvis
n02066245	eng-30-02066245-n	gray whale	grijze walvis
n02066245	eng-30-02066245-n	devilfish	devilfish
n02066245	eng-30-02066245-n	Eschrichtius gibbosus	Eschrichtius gibbosus
n02066245	eng-30-02066245-n	Eschrichtius robustus	Eschrichtius robustus
n02085782	eng-30-02085782-n	Japanese spaniel	Japanse spaniel
n02086079	eng-30-02086079-n	Pekinese	pekinese
n02086079	eng-30-02086079-n	Pekingese	Pekinees
n02086079	eng-30-02086079-n	Peke	Peke
n02086240	eng-30-02086240-n	Shih-Tzu	Shih-Tzu
n02086646	eng-30-02086646-n	Blenheim spaniel	Blenheim spaniel
n02086910	eng-30-02086910-n	papillon	papillon
n02087046	eng-30-02087046-n	toy terrier	stuk speelgoed terriër
n02087394	eng-30-02087394-n	Rhodesian ridgeback	Rhodesian ridgeback
n02088466	eng-30-02088466-n	bloodhound	bloedhond
n02088466	eng-30-02088466-n	sleuthhound	speurhond
n02088632	eng-30-02088632-n	bluetick	bluetick
n02089078	eng-30-02089078-n	black-and-tan coonhound	black-and-tan coonhound
n02089867	eng-30-02089867-n	Walker hound	Walker hound
n02089867	eng-30-02089867-n	Walker foxhound	Walker foxhound
n02089973	eng-30-02089973-n	English foxhound	Engels foxhound
n02090379	eng-30-02090379-n	redbone	redbone
n02090622	eng-30-02090622-n	borzoi	borzoi
n02090622	eng-30-02090622-n	Russian wolfhound	Russische wolfshond
n02091032	eng-30-02091032-n	Italian greyhound	Italiaanse windhond
n02091134	eng-30-02091134-n	whippet	whippet
n02091244	eng-30-02091244-n	Ibizan hound	ibizan
n02091244	eng-30-02091244-n	Ibizan Podenco	Ibizan Podenco
n02091467	eng-30-02091467-n	Norwegian elkhound	Noorse elkhound
n02091467	eng-30-02091467-n	elkhound	elkhound
n02091831	eng-30-02091831-n	Saluki	Saluki
n02091831	eng-30-02091831-n	gazelle hound	gazelle hound
n02092002	eng-30-02092002-n	Scottish deerhound	Scottish deerhound
n02092002	eng-30-02092002-n	deerhound	deerhound
n02092339	eng-30-02092339-n	Weimaraner	Weimaraner
n02093256	eng-30-02093256-n	Staffordshire bullterrier	Staffordshire bullterrier
n02093256	eng-30-02093256-n	Staffordshire bull terrier	Staffordshire bull terrier
n02093647	eng-30-02093647-n	Bedlington terrier	bedlingtonterriër
n02093754	eng-30-02093754-n	Border terrier	Border terrier
n02093859	eng-30-02093859-n	Kerry blue terrier	Kerry blue terrier
n02093991	eng-30-02093991-n	Irish terrier	Ierse terriër
n02094114	eng-30-02094114-n	Norfolk terrier	Norfolk terrier
n02094258	eng-30-02094258-n	Norwich terrier	Norwich terrier
n02094433	eng-30-02094433-n	Yorkshire terrier	Yorkshire terrier
n02095314	eng-30-02095314-n	wire-haired fox terrier	ruwhaar fox terrier
n02095570	eng-30-02095570-n	Lakeland terrier	Lakeland terrier
n02095889	eng-30-02095889-n	Sealyham terrier	Sealyham Terrier
n02095889	eng-30-02095889-n	Sealyham	sealyham
n02096051	eng-30-02096051-n	Airedale	Airedale
n02096051	eng-30-02096051-n	Airedale terrier	airedaleterriër
n02096177	eng-30-02096177-n	cairn	steenhoop
n02096177	eng-30-02096177-n	cairn terrier	steenhoopterriër
n02096294	eng-30-02096294-n	Australian terrier	Australian terrier
n02096437	eng-30-02096437-n	Dandie Dinmont	Dinmont
n02096437	eng-30-02096437-n	Dandie Dinmont terrier	Dinmont terriër
n02096585	eng-30-02096585-n	Boston bull	Boston bull
n02096585	eng-30-02096585-n	Boston terrier	Boston terrier
n02097047	eng-30-02097047-n	miniature schnauzer	miniatuur schnauzer
n02097130	eng-30-02097130-n	giant schnauzer	giant schnauzer
n02097209	eng-30-02097209-n	standard schnauzer	standard schnauzer
n02097474	eng-30-02097474-n	Tibetan terrier	Tibetaanse terriër
n02097474	eng-30-02097474-n	chrysanthemum dog	chrysant hond
n02097658	eng-30-02097658-n	silky terrier	zijdeachtige terriër
n02097658	eng-30-02097658-n	Sydney silky	Sydney zijdeachtig
n02098105	eng-30-02098105-n	soft-coated wheaten terrier	soft-coated wheaten terrier
n02098286	eng-30-02098286-n	West Highland white terrier	West Highland white terriër
n02098413	eng-30-02098413-n	Lhasa	Lhasa
n02098413	eng-30-02098413-n	Lhasa apso	Lhasa apso
n02099267	eng-30-02099267-n	flat-coated retriever	vlak beklede retriever
n02099429	eng-30-02099429-n	curly-coated retriever	Curly coated retriever
n02099712	eng-30-02099712-n	Labrador retriever	labrador retriever
n02099849	eng-30-02099849-n	Chesapeake Bay retriever	Chesapeake Bay retriever
n02100236	eng-30-02100236-n	German short-haired pointer	Duitse kortharige wijzer
n02100583	eng-30-02100583-n	vizsla	vizsla
n02100583	eng-30-02100583-n	Hungarian pointer	Hongaarse pointer
n02100735	eng-30-02100735-n	English setter	Engels setter
n02101006	eng-30-02101006-n	Gordon setter	Gordon setter
n02101388	eng-30-02101388-n	Brittany spaniel	Brittany spaniel
n02101556	eng-30-02101556-n	clumber	clumber
n02101556	eng-30-02101556-n	clumber spaniel	clumber spaniel
n02102040	eng-30-02102040-n	English springer	Engels springer
n02102040	eng-30-02102040-n	English springer spaniel	Engels springer spaniel
n02102177	eng-30-02102177-n	Welsh springer spaniel	Welsh springer spaniel
n02102318	eng-30-02102318-n	cocker spaniel	Cocker spaniel
n02102318	eng-30-02102318-n	English cocker spaniel	Engels cocker spaniel
n02102318	eng-30-02102318-n	cocker	cocker
n02102480	eng-30-02102480-n	Sussex spaniel	Sussex spaniel
n02102973	eng-30-02102973-n	Irish water spaniel	Ierse water spaniel
n02104029	eng-30-02104029-n	kuvasz	kuvasz
n02105056	eng-30-02105056-n	groenendael	groenendael
n02105162	eng-30-02105162-n	malinois	Mechelaar
n02105251	eng-30-02105251-n	briard	briard
n02105412	eng-30-02105412-n	kelpie	kelpie
n02105641	eng-30-02105641-n	Old English sheepdog	Oude Engels herdershond
n02105641	eng-30-02105641-n	bobtail	kortstaart
n02105855	eng-30-02105855-n	Shetland sheepdog	De herdershond van Shetland
n02105855	eng-30-02105855-n	Shetland sheep dog	Shetland schapen hond
n02105855	eng-30-02105855-n	Shetland	Shetland
n02106030	eng-30-02106030-n	collie	collie
n02106166	eng-30-02106166-n	Border collie	Border collie
n02106382	eng-30-02106382-n	Bouvier des Flandres	Bouvier
n02106382	eng-30-02106382-n	Bouviers des Flandres	Vlaamse Koehond
n02106550	eng-30-02106550-n	Rottweiler	Rottweiler
n02107142	eng-30-02107142-n	Doberman	Doberman
n02107142	eng-30-02107142-n	Doberman pinscher	doberman
n02107574	eng-30-02107574-n	Greater Swiss Mountain dog	Greater hond Swiss Mountain
n02107683	eng-30-02107683-n	Bernese mountain dog	Berner Sennenhond
n02107908	eng-30-02107908-n	Appenzeller	Appenzeller
n02108000	eng-30-02108000-n	EntleBucher	Entlebucher
n02108422	eng-30-02108422-n	bull mastiff	bull mastiff
n02108915	eng-30-02108915-n	French bulldog	Franse bulldog
n02109047	eng-30-02109047-n	Great Dane	Deense dog
n02109525	eng-30-02109525-n	Saint Bernard	Sint Bernard
n02109525	eng-30-02109525-n	St Bernard	St Bernard
n02110063	eng-30-02110063-n	malamute	malamute
n02110063	eng-30-02110063-n	malemute	malemute
n02110063	eng-30-02110063-n	Alaskan malamute	Alaskan malamute
n02110627	eng-30-02110627-n	affenpinscher	affenpinscher
n02110627	eng-30-02110627-n	monkey pinscher	aap pinscher
n02110627	eng-30-02110627-n	monkey dog	aap hond
n02110806	eng-30-02110806-n	basenji	basenji
n02111129	eng-30-02111129-n	Leonberg	Leonberg
n02111277	eng-30-02111277-n	Newfoundland	Newfoundland
n02111277	eng-30-02111277-n	Newfoundland dog	newfoundland
n02111500	eng-30-02111500-n	Great Pyrenees	De grote Pyreneeën
n02112706	eng-30-02112706-n	Brabancon griffon	Brabancon vale
n02113023	eng-30-02113023-n	Pembroke	Pembroke
n02113023	eng-30-02113023-n	Pembroke Welsh corgi	Pembroke Welsh corgi
n02113186	eng-30-02113186-n	Cardigan	Cardigan
n02113186	eng-30-02113186-n	Cardigan Welsh corgi	Cardigan Welsh corgi
n02113624	eng-30-02113624-n	toy poodle	toy poedel
n02113712	eng-30-02113712-n	miniature poodle	miniatuur poedel
n02113799	eng-30-02113799-n	standard poodle	standaard poedel
n02113978	eng-30-02113978-n	Mexican hairless	Mexicaanse naakthond
n02114712	eng-30-02114712-n	red wolf	rode wolf
n02114712	eng-30-02114712-n	maned wolf	maned wolf
n02114712	eng-30-02114712-n	Canis rufus	Canis rufus
n02114712	eng-30-02114712-n	Canis niger	canis niger
n02115913	eng-30-02115913-n	dhole	wildhond
n02115913	eng-30-02115913-n	Cuon alpinus	Cuon alpinus
n02116738	eng-30-02116738-n	African hunting dog	Afrikaanse jachthond
n02116738	eng-30-02116738-n	hyena dog	hyena hond
n02116738	eng-30-02116738-n	Cape hunting dog	Cape jachthond
n02116738	eng-30-02116738-n	Lycaon pictus	pictus Lycaon
n02119022	eng-30-02119022-n	red fox	rode vos
n02119022	eng-30-02119022-n	Vulpes vulpes	vulpes vulpes
n02119789	eng-30-02119789-n	kit fox	kit fox
n02119789	eng-30-02119789-n	Vulpes macrotis	vulpes macrotis
n02120079	eng-30-02120079-n	Arctic fox	poolvos
n02120079	eng-30-02120079-n	white fox	witte vos
n02120079	eng-30-02120079-n	Alopex lagopus	Alopex lagopus
n02120505	eng-30-02120505-n	grey fox	grijze vos
n02120505	eng-30-02120505-n	gray fox	grijze vos
n02120505	eng-30-02120505-n	Urocyon cinereoargenteus	Urocyon cinereoargenteus
n02123045	eng-30-02123045-n	tabby	gestreept
n02123045	eng-30-02123045-n	tabby cat	tabby kat
n02123159	eng-30-02123159-n	tiger cat	tijgerkat
n02123394	eng-30-02123394-n	Persian cat	Perzische kat
n02124075	eng-30-02124075-n	Egyptian cat	Egyptische kat
n02134418	eng-30-02134418-n	sloth bear	luiaard beer
n02134418	eng-30-02134418-n	Melursus ursinus	Melursus ursinus
n02134418	eng-30-02134418-n	Ursus ursinus	Ursus ursinus
n02138441	eng-30-02138441-n	meerkat	meerkat
n02138441	eng-30-02138441-n	mierkat	mierkat
n02165105	eng-30-02165105-n	tiger beetle	tijgerkever
n02167151	eng-30-02167151-n	ground beetle	loopkever
n02167151	eng-30-02167151-n	carabid beetle	carabid kever
n02168699	eng-30-02168699-n	long-horned beetle	boktor
n02168699	eng-30-02168699-n	longicorn	longicorn
n02168699	eng-30-02168699-n	longicorn beetle	longicorn kever
n02174001	eng-30-02174001-n	rhinoceros beetle	neushoorn kever
n02259212	eng-30-02259212-n	leafhopper	cicade
n02276258	eng-30-02276258-n	admiral	admiraal
n02277742	eng-30-02277742-n	ringlet	ringetje
n02277742	eng-30-02277742-n	ringlet butterfly	lok vlinder
n02280649	eng-30-02280649-n	cabbage butterfly	koolwitje
n02281406	eng-30-02281406-n	sulphur butterfly	zwavel vlinder
n02281406	eng-30-02281406-n	sulfur butterfly	zwavel vlinder
n02281787	eng-30-02281787-n	lycaenid	lycaenid
n02281787	eng-30-02281787-n	lycaenid butterfly	lycaenid vlinder
n02321529	eng-30-02321529-n	sea cucumber	zeekomkommer
n02321529	eng-30-02321529-n	holothurian	Holothurian
n02328150	eng-30-02328150-n	Angora	Angora
n02328150	eng-30-02328150-n	Angora rabbit	Angora konijn
n02356798	eng-30-02356798-n	fox squirrel	vos eekhoorn
n02356798	eng-30-02356798-n	eastern fox squirrel	oostelijk eekhoorn vos
n02356798	eng-30-02356798-n	Sciurus niger	Sciurus Niger
n02389026	eng-30-02389026-n	sorrel	zuring
n02442845	eng-30-02442845-n	mink	nerts
n02443484	eng-30-02443484-n	black-footed ferret	black-footed fret
n02443484	eng-30-02443484-n	ferret	fret
n02443484	eng-30-02443484-n	Mustela nigripes	Mustela nigripes
n02457408	eng-30-02457408-n	three-toed sloth	drie luiaard
n02457408	eng-30-02457408-n	ai	ai
n02457408	eng-30-02457408-n	Bradypus tridactylus	Bradypus tridactylus
n02483708	eng-30-02483708-n	siamang	siamang
n02483708	eng-30-02483708-n	Hylobates syndactylus	Hylobates syndactylus
n02483708	eng-30-02483708-n	Symphalangus syndactylus	Symphalangus syndactylus
n02486261	eng-30-02486261-n	patas	patas
n02486261	eng-30-02486261-n	hussar monkey	huzaar aap
n02486261	eng-30-02486261-n	Erythrocebus patas	Erythrocebus patas
n02488291	eng-30-02488291-n	langur	langur
n02488702	eng-30-02488702-n	colobus	colobus
n02488702	eng-30-02488702-n	colobus monkey	colobusaap
n02489166	eng-30-02489166-n	proboscis monkey	zuigorganenaap
n02489166	eng-30-02489166-n	Nasalis larvatus	Nasalis larvatus
n02493509	eng-30-02493509-n	titi	titi
n02493509	eng-30-02493509-n	titi monkey	titi aap
n02493793	eng-30-02493793-n	spider monkey	spin aap
n02493793	eng-30-02493793-n	Ateles geoffroyi	Ateles geoffroyi
n02497673	eng-30-02497673-n	Madagascar cat	Madagascar cat
n02497673	eng-30-02497673-n	ring-tailed lemur	ringstaartmaki
n02497673	eng-30-02497673-n	Lemur catta	makicatta
n02500267	eng-30-02500267-n	indri	indri
n02500267	eng-30-02500267-n	indris	INDRIS
n02500267	eng-30-02500267-n	Indri indri	indri indri
n02500267	eng-30-02500267-n	Indri brevicaudatus	indri brevicaudatus
n02504013	eng-30-02504013-n	Indian elephant	Indische olifant
n02504013	eng-30-02504013-n	Elephas maximus	Elephas maximus
n02514041	eng-30-02514041-n	barracouta	barracouta
n02514041	eng-30-02514041-n	snoek	snoek
n02536864	eng-30-02536864-n	coho	coho
n02536864	eng-30-02536864-n	cohoe	Cohoe
n02536864	eng-30-02536864-n	coho salmon	cohozalm
n02536864	eng-30-02536864-n	blue jack	blauw jack
n02536864	eng-30-02536864-n	silver salmon	zilveren zalm
n02536864	eng-30-02536864-n	Oncorhynchus kisutch	Oncorhynchus kisutch
n02606052	eng-30-02606052-n	rock beauty	hertogsvis
n02606052	eng-30-02606052-n	Holocanthus tricolor	holocanthus tricolor
n02607072	eng-30-02607072-n	anemone fish	anemoon vis
n02643566	eng-30-02643566-n	lionfish	lionfish
n02667093	eng-30-02667093-n	abaya	abaya
n02669723	eng-30-02669723-n	academic gown	academische toga
n02669723	eng-30-02669723-n	academic robe	academische robe
n02669723	eng-30-02669723-n	judge's robe	rechter robe
n02699494	eng-30-02699494-n	altar	altaar
n02708093	eng-30-02708093-n	analog clock	Analoge klok
n02786058	eng-30-02786058-n	Band Aid	Pleister
n02791124	eng-30-02791124-n	barber chair	kappersstoel
n02799071	eng-30-02799071-n	baseball	basketbal
n02804414	eng-30-02804414-n	bassinet	wieg
n02808304	eng-30-02808304-n	bath towel	badhanddoek
n02814533	eng-30-02814533-n	beach wagon	beach wagon
n02814533	eng-30-02814533-n	station wagon	station wagon
n02814533	eng-30-02814533-n	wagon	wagon
n02814533	eng-30-02814533-n	estate car	stationwagen
n02814533	eng-30-02814533-n	beach waggon	strand wagen
n02814533	eng-30-02814533-n	station waggon	station wagon
n02814533	eng-30-02814533-n	waggon	wagon
n02825657	eng-30-02825657-n	bell cote	bell cote
n02825657	eng-30-02825657-n	bell cot	bell kinderbed
n02865351	eng-30-02865351-n	bolo tie	bolo tie
n02865351	eng-30-02865351-n	bolo	bolo
n02865351	eng-30-02865351-n	bola tie	bola tie
n02865351	eng-30-02865351-n	bola	bola
n02869837	eng-30-02869837-n	bonnet	kap
n02869837	eng-30-02869837-n	poke bonnet	luifelhoed
n02877765	eng-30-02877765-n	bottlecap	flesdop
n02879718	eng-30-02879718-n	bow	boog
n02916936	eng-30-02916936-n	bulletproof vest	kogelvrij vest
n02917067	eng-30-02917067-n	bullet train	bullet train
n02917067	eng-30-02917067-n	bullet	kogel
n02950826	eng-30-02950826-n	cannon	kanon
n02965783	eng-30-02965783-n	car mirror	autospiegel
n02966687	eng-30-02966687-n	carpenter's kit	timmerman kit
n02966687	eng-30-02966687-n	tool kit	tool kit
n02971356	eng-30-02971356-n	carton	karton
n02974003	eng-30-02974003-n	car wheel	auto wiel
n02979186	eng-30-02979186-n	cassette player	cassettespeler
n03000134	eng-30-03000134-n	chainlink fence	chainlinkomheining
n03016953	eng-30-03016953-n	chiffonier	chiffonier
n03016953	eng-30-03016953-n	commode	commode
n03026506	eng-30-03026506-n	Christmas stocking	kerstsok
n03042490	eng-30-03042490-n	cliff dwelling	klippenwoning
n03045698	eng-30-03045698-n	cloak	mantel
n03062245	eng-30-03062245-n	cocktail shaker	cocktailshaker
n03063599	eng-30-03063599-n	coffee mug	koffiemok
n03085013	eng-30-03085013-n	computer keyboard	toetsenbord
n03085013	eng-30-03085013-n	keypad	keypad
n03124043	eng-30-03124043-n	cowboy boot	cowboylaars
n03133878	eng-30-03133878-n	Crock Pot	crock Pot
n03134739	eng-30-03134739-n	croquet ball	croquet bal
n03141823	eng-30-03141823-n	crutch	kruk
n03180011	eng-30-03180011-n	desktop computer	desktop computer
n03196217	eng-30-03196217-n	digital clock	digitale klok
n03197337	eng-30-03197337-n	digital watch	digitaal horloge
n03201208	eng-30-03201208-n	dining table	eettafel
n03201208	eng-30-03201208-n	board	boord
n03218198	eng-30-03218198-n	dogsled	hondenslee
n03218198	eng-30-03218198-n	dog sled	hondenslee
n03218198	eng-30-03218198-n	dog sleigh	hondenslee
n03220513	eng-30-03220513-n	dome	koepel
n03240683	eng-30-03240683-n	drilling platform	boorplatform
n03240683	eng-30-03240683-n	offshore rig	offshore-rig
n03255030	eng-30-03255030-n	dumbbell	halter
n03259280	eng-30-03259280-n	Dutch oven	nederlandse oven
n03271574	eng-30-03271574-n	electric fan	elektrische ventilator
n03271574	eng-30-03271574-n	blower	blazer
n03290653	eng-30-03290653-n	entertainment center	entertainment center
n03297495	eng-30-03297495-n	espresso maker	espresso-apparaat
n03314780	eng-30-03314780-n	face powder	gezichtspoeder
n03325584	eng-30-03325584-n	feather boa	veren boa
n03325584	eng-30-03325584-n	boa	boa
n03344393	eng-30-03344393-n	fireboat	fireboat
n03347037	eng-30-03347037-n	fire screen	brandscherm
n03347037	eng-30-03347037-n	fireguard	fireguard
n03379051	eng-30-03379051-n	football helmet	voetbal helm
n03443371	eng-30-03443371-n	goblet	beker
n03444034	eng-30-03444034-n	go-kart	skelter
n03445777	eng-30-03445777-n	golf ball	golfbal
n03445924	eng-30-03445924-n	golfcart	golfwagentje
n03445924	eng-30-03445924-n	golf cart	golfwagentje
n03459775	eng-30-03459775-n	grille	traliewerk
n03459775	eng-30-03459775-n	radiator grille	Radiatorrooster
n03476684	eng-30-03476684-n	hair slide	haarspeld
n03476991	eng-30-03476991-n	hair spray	haarspray
n03478589	eng-30-03478589-n	half track	half spoor
n03485407	eng-30-03485407-n	hand-held computer	Handcomputer
n03485407	eng-30-03485407-n	hand-held microcomputer	Draagbare microcomputer
n03496892	eng-30-03496892-n	harvester	oogster
n03496892	eng-30-03496892-n	reaper	maaimachine
n03529860	eng-30-03529860-n	home theater	thuisbioscoop
n03529860	eng-30-03529860-n	home theatre	thuisbioscoop
n03530642	eng-30-03530642-n	honeycomb	honingraat
n03535780	eng-30-03535780-n	horizontal bar	horizontale balk
n03535780	eng-30-03535780-n	high bar	rekstok
n03538406	eng-30-03538406-n	horse cart	paardenkar
n03538406	eng-30-03538406-n	horse-cart	paardenkar
n03590841	eng-30-03590841-n	jack-o'-lantern	dwaallicht
n03623198	eng-30-03623198-n	knee pad	kniebeschermer
n03627232	eng-30-03627232-n	knot	knoop
n03630383	eng-30-03630383-n	lab coat	Lab jas
n03630383	eng-30-03630383-n	laboratory coat	laboratoriumjas
n03673027	eng-30-03673027-n	liner	voering
n03673027	eng-30-03673027-n	ocean liner	oceaanstomer
n03706229	eng-30-03706229-n	magnetic compass	magnetisch kompas
n03710637	eng-30-03710637-n	maillot	maillot
n03710721	eng-30-03710721-n	maillot	maillot
n03710721	eng-30-03710721-n	tank suit	tank suit
n03720891	eng-30-03720891-n	maraca	maraca
n03729826	eng-30-03729826-n	matchstick	luciferhoutje
n03742115	eng-30-03742115-n	medicine chest	medicijnkastje
n03742115	eng-30-03742115-n	medicine cabinet	medicijnkastje
n03743016	eng-30-03743016-n	megalith	megaliet
n03743016	eng-30-03743016-n	megalithic structure	megalitische structuur
n03763968	eng-30-03763968-n	military uniform	militair uniform
n03764736	eng-30-03764736-n	milk can	melkkan
n03770679	eng-30-03770679-n	minivan	busje
n03773504	eng-30-03773504-n	missile	raket
n03775546	eng-30-03775546-n	mixing bowl	mengkom
n03782006	eng-30-03782006-n	monitor	monitor
n03787032	eng-30-03787032-n	mortarboard	baret
n03792972	eng-30-03792972-n	mountain tent	berg tent
n03803284	eng-30-03803284-n	muzzle	snuit
n03814639	eng-30-03814639-n	neck brace	nek brace
n03825788	eng-30-03825788-n	nipple	tepel
n03832673	eng-30-03832673-n	notebook	notitieboekje
n03832673	eng-30-03832673-n	notebook computer	notebook computer
n03866082	eng-30-03866082-n	overskirt	overrok
n03874293	eng-30-03874293-n	paddlewheel	scheprad
n03874293	eng-30-03874293-n	paddle wheel	scheprad
n03884397	eng-30-03884397-n	panpipe	panfluit
n03884397	eng-30-03884397-n	pandean pipe	pandean pipe
n03884397	eng-30-03884397-n	syrinx	syrinx
n03891251	eng-30-03891251-n	park bench	bank in het park
n03929855	eng-30-03929855-n	pickelhaube	pickelhaube
n03930630	eng-30-03930630-n	pickup	oppakken
n03930630	eng-30-03930630-n	pickup truck	pick-up truck
n03937543	eng-30-03937543-n	pill bottle	pillenfles
n03942813	eng-30-03942813-n	ping-pong ball	tafeltennis balletje
n03944341	eng-30-03944341-n	pinwheel	pinwheel
n03947888	eng-30-03947888-n	pirate	piraat
n03947888	eng-30-03947888-n	pirate ship	piratenschip
n03954731	eng-30-03954731-n	plane	vlak
n03954731	eng-30-03954731-n	carpenter's plane	plane timmerman
n03954731	eng-30-03954731-n	woodworking plane	houtbewerking plane
n03958227	eng-30-03958227-n	plastic bag	plastieken zak
n03961711	eng-30-03961711-n	plate rack	bordenrek
n03970156	eng-30-03970156-n	plunger	plunjer
n03970156	eng-30-03970156-n	plumber's helper	loodgieter helper
n03980874	eng-30-03980874-n	poncho	poncho
n03983396	eng-30-03983396-n	pop bottle	pop fles
n03983396	eng-30-03983396-n	soda bottle	sodafles
n03995372	eng-30-03995372-n	power drill	boormachine
n04033901	eng-30-04033901-n	quill	schacht
n04033901	eng-30-04033901-n	quill pen	ganzenveer
n04044716	eng-30-04044716-n	radio telescope	Radio Telescoop
n04044716	eng-30-04044716-n	radio reflector	radio reflector
n04049303	eng-30-04049303-n	rain barrel	regenvat
n04065272	eng-30-04065272-n	recreational vehicle	recreatie voertuig
n04065272	eng-30-04065272-n	RV	RV
n04065272	eng-30-04065272-n	R.V.	R.V.
n04067472	eng-30-04067472-n	reel	haspel
n04069434	eng-30-04069434-n	reflex camera	reflex camera
n04111531	eng-30-04111531-n	rotisserie	rotisserie
n04120489	eng-30-04120489-n	running shoe	ren schoen
n04125021	eng-30-04125021-n	safe	veilig
n04131690	eng-30-04131690-n	saltshaker	Zout schudder
n04131690	eng-30-04131690-n	salt shaker	Zout schudder
n04201297	eng-30-04201297-n	shoji	shoji
n04209133	eng-30-04209133-n	shower cap	douchekop
n04229816	eng-30-04229816-n	ski mask	ski masker
n04238763	eng-30-04238763-n	slide rule	rekenliniaal
n04238763	eng-30-04238763-n	slipstick	Slipstick
n04251144	eng-30-04251144-n	snorkel	snorkel
n04254120	eng-30-04254120-n	soap dispenser	zeeppomp
n04254680	eng-30-04254680-n	soccer ball	voetbal
n04259630	eng-30-04259630-n	sombrero	sombrero
n04270147	eng-30-04270147-n	spatula	spatel
n04273569	eng-30-04273569-n	speedboat	speedboot
n04275548	eng-30-04275548-n	spider web	spinnenweb
n04275548	eng-30-04275548-n	spider's web	spinnenweb
n04277352	eng-30-04277352-n	spindle	spil
n04285008	eng-30-04285008-n	sports car	sportwagen
n04285008	eng-30-04285008-n	sport car	sportauto
n04311004	eng-30-04311004-n	steel arch bridge	stalen boogbrug
n04311174	eng-30-04311174-n	steel drum	staaltrommel
n04326547	eng-30-04326547-n	stone wall	stenen muur
n04328186	eng-30-04328186-n	stopwatch	stopwatch
n04328186	eng-30-04328186-n	stop watch	stopwatch
n04344873	eng-30-04344873-n	studio couch	slaapbank
n04344873	eng-30-04344873-n	day bed	dag bed
n04371774	eng-30-04371774-n	swing	schommel
n04392985	eng-30-04392985-n	tape player	cassettespeler
n04404412	eng-30-04404412-n	television	televisie
n04404412	eng-30-04404412-n	television system	televisiesysteem
n04428191	eng-30-04428191-n	thresher	dorsmachine
n04428191	eng-30-04428191-n	thrasher	zeevos
n04428191	eng-30-04428191-n	threshing machine	dorsmachine
n04429376	eng-30-04429376-n	throne	troon
n04435653	eng-30-04435653-n	tile roof	tegel dak
n04456115	eng-30-04456115-n	torch	toorts
n04467665	eng-30-04467665-n	trailer truck	vrachtwagen met aanhanger
n04467665	eng-30-04467665-n	tractor trailer	traktor aanhanger
n04467665	eng-30-04467665-n	trucking rig	trucking tuig
n04467665	eng-30-04467665-n	rig	tuig
n04467665	eng-30-04467665-n	articulated lorry	vrachtwagencombinatie
n04467665	eng-30-04467665-n	semi	semi
n04487081	eng-30-04487081-n	trolleybus	trolleybus
n04487081	eng-30-04487081-n	trolley coach	trolley coach
n04487081	eng-30-04487081-n	trackless trolley	ongebaande trolley
n04505470	eng-30-04505470-n	typewriter keyboard	schrijfmachinetoetsenbord
n04507155	eng-30-04507155-n	umbrella	paraplu
n04515003	eng-30-04515003-n	upright	rechtop
n04515003	eng-30-04515003-n	upright piano	piano
n04553703	eng-30-04553703-n	washbasin	fonteintje
n04553703	eng-30-04553703-n	handbasin	wastafel
n04553703	eng-30-04553703-n	washbowl	waskom
n04553703	eng-30-04553703-n	lavabo	lavabo
n04553703	eng-30-04553703-n	wash-hand basin	wastafel
n04560804	eng-30-04560804-n	water jug	water kan
n04579145	eng-30-04579145-n	whiskey jug	whisky kruik
n04589890	eng-30-04589890-n	window screen	raamscherm
n04590129	eng-30-04590129-n	window shade	Zonnescherm
n04591157	eng-30-04591157-n	Windsor tie	Windsor tie
n04591713	eng-30-04591713-n	wine bottle	wijnfles
n04597913	eng-30-04597913-n	wooden spoon	houten lepel
n04604644	eng-30-04604644-n	worm fence	worm hek
n04604644	eng-30-04604644-n	snake fence	slang hek
n04604644	eng-30-04604644-n	snake-rail fence	snake-spooromheining
n04604644	eng-30-04604644-n	Virginia fence	Virginia hek
n04606251	eng-30-04606251-n	wreck	wrak
n04612504	eng-30-04612504-n	yawl	jol
n04613696	eng-30-04613696-n	yurt	yurt
n06596364	eng-30-06596364-n	comic book	stripboek
n07565083	eng-30-07565083-n	menu	menu
n07579787	eng-30-07579787-n	plate	bord
n07583066	eng-30-07583066-n	guacamole	guacamole
n07590611	eng-30-07590611-n	hot pot	hot pot
n07590611	eng-30-07590611-n	hotpot	jachtschotel
n07684084	eng-30-07684084-n	French loaf	Frans brood
n07697537	eng-30-07697537-n	hotdog	hotdog
n07697537	eng-30-07697537-n	hot dog	hotdog
n07697537	eng-30-07697537-n	red hot	roodgloeiend
n07711569	eng-30-07711569-n	mashed potato	aardappelpuree
n07714571	eng-30-07714571-n	head cabbage	sluitkool
n07716358	eng-30-07716358-n	zucchini	courgette
n07716358	eng-30-07716358-n	courgette	courgette
n07716906	eng-30-07716906-n	spaghetti squash	spaghettipompoen
n07717410	eng-30-07717410-n	acorn squash	eikelpompoen
n07717556	eng-30-07717556-n	butternut squash	pompoen
n07720875	eng-30-07720875-n	bell pepper	paprika
n07742313	eng-30-07742313-n	Granny Smith	Granny Smith
n07745940	eng-30-07745940-n	strawberry	aardbei
n07753113	eng-30-07753113-n	fig	vijg
n07754684	eng-30-07754684-n	jackfruit	jackfruit
n07754684	eng-30-07754684-n	jak	jak
n07754684	eng-30-07754684-n	jack	vijzel
n07760859	eng-30-07760859-n	custard apple	vlaappel
n07768694	eng-30-07768694-n	pomegranate	granaatappel
n07831146	eng-30-07831146-n	carbonara	carbonara
n07836838	eng-30-07836838-n	chocolate sauce	chocolade saus
n07836838	eng-30-07836838-n	chocolate syrup	chocolade siroop
n07875152	eng-30-07875152-n	potpie	hutspot
n07880968	eng-30-07880968-n	burrito	burrito
n07930864	eng-30-07930864-n	cup	kop
n09835506	eng-30-09835506-n	ballplayer	ballplayer
n09835506	eng-30-09835506-n	baseball player	basketbal speler
n10565667	eng-30-10565667-n	scuba diver	duiker
n12057211	eng-30-12057211-n	yellow lady's slipper	slipper geel dame
n12057211	eng-30-12057211-n	yellow lady-slipper	gele dame-slipper
n12057211	eng-30-12057211-n	Cypripedium calceolus	vrouwenschoentje
n12057211	eng-30-12057211-n	Cypripedium parviflorum	Cypripedium parviflorum
n12144580	eng-30-12144580-n	corn	maïs
n12768682	eng-30-12768682-n	buckeye	Buckeye
n12768682	eng-30-12768682-n	horse chestnut	paardekastanje
n12768682	eng-30-12768682-n	conker	conker
n12985857	eng-30-12985857-n	coral fungus	koraal schimmel
n13037406	eng-30-13037406-n	gyromitra	Gyromitra
n13040303	eng-30-13040303-n	stinkhorn	stinkhorn
n13040303	eng-30-13040303-n	carrion fungus	aas schimmel
n13044778	eng-30-13044778-n	earthstar	aardster
n13052670	eng-30-13052670-n	hen-of-the-woods	kip-of-the-woods
n13052670	eng-30-13052670-n	hen of the woods	duivin van het bos
n13052670	eng-30-13052670-n	Polyporus frondosus	Polyporus frondosus
n13052670	eng-30-13052670-n	Grifola frondosa	frondosa
n13054560	eng-30-13054560-n	bolete	bolete