key	wordnet_id	synonyms
n01440764	eng-30-01440764-n	zeelt
n01443537	eng-30-01443537-n	goudvis
n01484850	eng-30-01484850-n	grote witte haai, antropofaag, kannibaal, menseneter
n01491361	eng-30-01491361-n	tijgerhaai
n01494475	eng-30-01494475-n	hamerhaai
n01496331	eng-30-01496331-n	
n01498041	eng-30-01498041-n	pijlstaartrog
n01514668	eng-30-01514668-n	haan
n01514859	eng-30-01514859-n	wijfje, hen, roddeltante
n01518878	eng-30-01518878-n	struisvogel
n01530575	eng-30-01530575-n	
n01531178	eng-30-01531178-n	
n01532829	eng-30-01532829-n	kneu
n01534433	eng-30-01534433-n	
n01537544	eng-30-01537544-n	
n01558993	eng-30-01558993-n	
n01560419	eng-30-01560419-n	
n01580077	eng-30-01580077-n	Vlaamse gaai, gaai
n01582220	eng-30-01582220-n	ekster
n01592084	eng-30-01592084-n	mees
n01601694	eng-30-01601694-n	waterspreeuw
n01608432	eng-30-01608432-n	
n01614925	eng-30-01614925-n	
n01616318	eng-30-01616318-n	gier
n01622779	eng-30-01622779-n	
n01629819	eng-30-01629819-n	
n01630670	eng-30-01630670-n	
n01631663	eng-30-01631663-n	
n01632458	eng-30-01632458-n	
n01632777	eng-30-01632777-n	axolotl
n01641577	eng-30-01641577-n	brulkikker
n01644373	eng-30-01644373-n	boomkikvors
n01644900	eng-30-01644900-n	
n01664065	eng-30-01664065-n	
n01665541	eng-30-01665541-n	
n01667114	eng-30-01667114-n	
n01667778	eng-30-01667778-n	moerasschildpad
n01669191	eng-30-01669191-n	
n01675722	eng-30-01675722-n	
n01677366	eng-30-01677366-n	leguaan, iguana
n01682714	eng-30-01682714-n	
n01685808	eng-30-01685808-n	
n01687978	eng-30-01687978-n	
n01688243	eng-30-01688243-n	
n01689811	eng-30-01689811-n	
n01692333	eng-30-01692333-n	gilamonster
n01693334	eng-30-01693334-n	
n01694178	eng-30-01694178-n	
n01695060	eng-30-01695060-n	komodovaraan
n01697457	eng-30-01697457-n	
n01698640	eng-30-01698640-n	
n01704323	eng-30-01704323-n	triceratops
n01728572	eng-30-01728572-n	
n01728920	eng-30-01728920-n	
n01729322	eng-30-01729322-n	
n01729977	eng-30-01729977-n	
n01734418	eng-30-01734418-n	
n01735189	eng-30-01735189-n	
n01737021	eng-30-01737021-n	
n01739381	eng-30-01739381-n	
n01740131	eng-30-01740131-n	
n01742172	eng-30-01742172-n	
n01744401	eng-30-01744401-n	
n01748264	eng-30-01748264-n	
n01749939	eng-30-01749939-n	
n01751748	eng-30-01751748-n	
n01753488	eng-30-01753488-n	
n01755581	eng-30-01755581-n	
n01756291	eng-30-01756291-n	
n01768244	eng-30-01768244-n	
n01770081	eng-30-01770081-n	hooiwagen
n01770393	eng-30-01770393-n	schorpioen
n01773157	eng-30-01773157-n	
n01773549	eng-30-01773549-n	
n01773797	eng-30-01773797-n	
n01774384	eng-30-01774384-n	zwarte weduwe
n01774750	eng-30-01774750-n	vogelspin, tarantula
n01775062	eng-30-01775062-n	
n01776313	eng-30-01776313-n	teek
n01784675	eng-30-01784675-n	duizendpoot
n01795545	eng-30-01795545-n	korhoen
n01796340	eng-30-01796340-n	patrijs, sneeuwhoen
n01797886	eng-30-01797886-n	
n01798484	eng-30-01798484-n	
n01806143	eng-30-01806143-n	pauwhaan, pauw
n01806567	eng-30-01806567-n	kwartel
n01807496	eng-30-01807496-n	hoen, hoentje, patrijs
n01817953	eng-30-01817953-n	
n01818515	eng-30-01818515-n	ara
n01819313	eng-30-01819313-n	
n01820546	eng-30-01820546-n	
n01824575	eng-30-01824575-n	
n01828970	eng-30-01828970-n	
n01829413	eng-30-01829413-n	
n01833805	eng-30-01833805-n	kolibrie
n01843065	eng-30-01843065-n	
n01843383	eng-30-01843383-n	toekan
n01847000	eng-30-01847000-n	mannetjeseend, waard, woerd
n01855032	eng-30-01855032-n	
n01855672	eng-30-01855672-n	
n01860187	eng-30-01860187-n	
n01871265	eng-30-01871265-n	olifant met grote slagtanden
n01872401	eng-30-01872401-n	mierenegel
n01873310	eng-30-01873310-n	vogelbekdier
n01877812	eng-30-01877812-n	wallabie, wallaby
n01882714	eng-30-01882714-n	koalabeertje, koalabeer, koala
n01883070	eng-30-01883070-n	wombat
n01910747	eng-30-01910747-n	kwal
n01914609	eng-30-01914609-n	
n01917289	eng-30-01917289-n	
n01924916	eng-30-01924916-n	platwormen, platworm
n01930112	eng-30-01930112-n	nematoda, rondworm, aaltjes
n01943899	eng-30-01943899-n	schelp, hoorn
n01944390	eng-30-01944390-n	huisjesslak, slak
n01945685	eng-30-01945685-n	slak
n01950731	eng-30-01950731-n	
n01955084	eng-30-01955084-n	
n01968897	eng-30-01968897-n	
n01978287	eng-30-01978287-n	
n01978455	eng-30-01978455-n	
n01980166	eng-30-01980166-n	
n01981276	eng-30-01981276-n	
n01983481	eng-30-01983481-n	
n01984695	eng-30-01984695-n	
n01985128	eng-30-01985128-n	rivierkreeft
n01986214	eng-30-01986214-n	heremiet, heremietkreeft
n01990800	eng-30-01990800-n	
n02002556	eng-30-02002556-n	ooievaar
n02002724	eng-30-02002724-n	
n02006656	eng-30-02006656-n	lepelaar
n02007558	eng-30-02007558-n	flamingo
n02009229	eng-30-02009229-n	
n02009912	eng-30-02009912-n	
n02011460	eng-30-02011460-n	roerdomp
n02012849	eng-30-02012849-n	hijskraan, kraanvogel
n02013706	eng-30-02013706-n	
n02017213	eng-30-02017213-n	
n02018207	eng-30-02018207-n	
n02018795	eng-30-02018795-n	trapgans, trap
n02025239	eng-30-02025239-n	
n02027492	eng-30-02027492-n	
n02028035	eng-30-02028035-n	
n02033041	eng-30-02033041-n	
n02037110	eng-30-02037110-n	scholekster
n02051845	eng-30-02051845-n	pelikaan
n02056570	eng-30-02056570-n	koningspinguïn
n02058221	eng-30-02058221-n	albatros
n02066245	eng-30-02066245-n	
n02071294	eng-30-02071294-n	orka
n02074367	eng-30-02074367-n	doejong
n02077923	eng-30-02077923-n	zeeleeuw
n02085620	eng-30-02085620-n	chihuahua
n02085782	eng-30-02085782-n	
n02085936	eng-30-02085936-n	Maltese
n02086079	eng-30-02086079-n	
n02086240	eng-30-02086240-n	
n02086646	eng-30-02086646-n	
n02086910	eng-30-02086910-n	
n02087046	eng-30-02087046-n	
n02087394	eng-30-02087394-n	
n02088094	eng-30-02088094-n	Afghaanse windhond
n02088238	eng-30-02088238-n	brak
n02088364	eng-30-02088364-n	snuffelaar, beagle, brak
n02088466	eng-30-02088466-n	
n02088632	eng-30-02088632-n	
n02089078	eng-30-02089078-n	
n02089867	eng-30-02089867-n	
n02089973	eng-30-02089973-n	
n02090379	eng-30-02090379-n	
n02090622	eng-30-02090622-n	
n02090721	eng-30-02090721-n	trillen op zijn benen
n02091032	eng-30-02091032-n	
n02091134	eng-30-02091134-n	
n02091244	eng-30-02091244-n	
n02091467	eng-30-02091467-n	
n02091635	eng-30-02091635-n	hond voor jacht op otters
n02091831	eng-30-02091831-n	
n02092002	eng-30-02092002-n	
n02092339	eng-30-02092339-n	
n02093256	eng-30-02093256-n	
n02093428	eng-30-02093428-n	pitbullterriër
n02093647	eng-30-02093647-n	
n02093754	eng-30-02093754-n	
n02093859	eng-30-02093859-n	
n02093991	eng-30-02093991-n	
n02094114	eng-30-02094114-n	
n02094258	eng-30-02094258-n	
n02094433	eng-30-02094433-n	
n02095314	eng-30-02095314-n	
n02095570	eng-30-02095570-n	
n02095889	eng-30-02095889-n	
n02096051	eng-30-02096051-n	
n02096177	eng-30-02096177-n	
n02096294	eng-30-02096294-n	
n02096437	eng-30-02096437-n	
n02096585	eng-30-02096585-n	
n02097047	eng-30-02097047-n	
n02097130	eng-30-02097130-n	
n02097209	eng-30-02097209-n	
n02097298	eng-30-02097298-n	Schotse terriër
n02097474	eng-30-02097474-n	
n02097658	eng-30-02097658-n	
n02098105	eng-30-02098105-n	
n02098286	eng-30-02098286-n	
n02098413	eng-30-02098413-n	
n02099267	eng-30-02099267-n	
n02099429	eng-30-02099429-n	
n02099601	eng-30-02099601-n	golden retriever
n02099712	eng-30-02099712-n	
n02099849	eng-30-02099849-n	
n02100236	eng-30-02100236-n	
n02100583	eng-30-02100583-n	
n02100735	eng-30-02100735-n	
n02100877	eng-30-02100877-n	Ierse setter
n02101006	eng-30-02101006-n	
n02101388	eng-30-02101388-n	
n02101556	eng-30-02101556-n	
n02102040	eng-30-02102040-n	
n02102177	eng-30-02102177-n	
n02102318	eng-30-02102318-n	
n02102480	eng-30-02102480-n	
n02102973	eng-30-02102973-n	
n02104029	eng-30-02104029-n	
n02104365	eng-30-02104365-n	schippersklokje, schippertje
n02105056	eng-30-02105056-n	
n02105162	eng-30-02105162-n	
n02105251	eng-30-02105251-n	
n02105412	eng-30-02105412-n	
n02105505	eng-30-02105505-n	komondor
n02105641	eng-30-02105641-n	
n02105855	eng-30-02105855-n	
n02106030	eng-30-02106030-n	
n02106166	eng-30-02106166-n	
n02106382	eng-30-02106382-n	
n02106550	eng-30-02106550-n	
n02106662	eng-30-02106662-n	Duitse herdershond
n02107142	eng-30-02107142-n	
n02107312	eng-30-02107312-n	dwergpinscher
n02107574	eng-30-02107574-n	
n02107683	eng-30-02107683-n	
n02107908	eng-30-02107908-n	
n02108000	eng-30-02108000-n	
n02108089	eng-30-02108089-n	boxer, pugilist, vuistvechter, bokser
n02108422	eng-30-02108422-n	
n02108551	eng-30-02108551-n	Tibetaanse mastiff
n02108915	eng-30-02108915-n	
n02109047	eng-30-02109047-n	
n02109525	eng-30-02109525-n	
n02109961	eng-30-02109961-n	sledehond
n02110063	eng-30-02110063-n	
n02110185	eng-30-02110185-n	Siberische husky
n02110341	eng-30-02110341-n	dalmatiër, Dalmatische
n02110627	eng-30-02110627-n	
n02110806	eng-30-02110806-n	
n02110958	eng-30-02110958-n	mops, mopshond
n02111129	eng-30-02111129-n	
n02111277	eng-30-02111277-n	
n02111500	eng-30-02111500-n	
n02111889	eng-30-02111889-n	Samojeed
n02112018	eng-30-02112018-n	Pommers
n02112137	eng-30-02112137-n	eten
n02112350	eng-30-02112350-n	keeshond
n02112706	eng-30-02112706-n	
n02113023	eng-30-02113023-n	
n02113186	eng-30-02113186-n	
n02113624	eng-30-02113624-n	
n02113712	eng-30-02113712-n	
n02113799	eng-30-02113799-n	
n02113978	eng-30-02113978-n	
n02114367	eng-30-02114367-n	wolf
n02114548	eng-30-02114548-n	witte wolf
n02114712	eng-30-02114712-n	
n02114855	eng-30-02114855-n	coyote, prairiewolf
n02115641	eng-30-02115641-n	dingo
n02115913	eng-30-02115913-n	
n02116738	eng-30-02116738-n	
n02117135	eng-30-02117135-n	hyena
n02119022	eng-30-02119022-n	
n02119789	eng-30-02119789-n	
n02120079	eng-30-02120079-n	
n02120505	eng-30-02120505-n	
n02123045	eng-30-02123045-n	
n02123159	eng-30-02123159-n	
n02123394	eng-30-02123394-n	
n02123597	eng-30-02123597-n	siamees
n02124075	eng-30-02124075-n	
n02125311	eng-30-02125311-n	bergleeuw, poema
n02127052	eng-30-02127052-n	los, lynx
n02128385	eng-30-02128385-n	luipaard
n02128757	eng-30-02128757-n	sneeuwpanter
n02128925	eng-30-02128925-n	panter, Jaguar, jaguar
n02129165	eng-30-02129165-n	leeuw
n02129604	eng-30-02129604-n	tijger
n02130308	eng-30-02130308-n	cheetah, jachtluipaard
n02132136	eng-30-02132136-n	bruine beer
n02133161	eng-30-02133161-n	Amerikaanse zwarte beer, kraagbeer
n02134084	eng-30-02134084-n	ijsbeer
n02134418	eng-30-02134418-n	
n02137549	eng-30-02137549-n	mangoest, mangoeste
n02138441	eng-30-02138441-n	
n02165105	eng-30-02165105-n	
n02165456	eng-30-02165456-n	lieveheersbeestje, onzelieveheersbeestje
n02167151	eng-30-02167151-n	
n02168699	eng-30-02168699-n	
n02169497	eng-30-02169497-n	goudhaantje
n02172182	eng-30-02172182-n	mestkever
n02174001	eng-30-02174001-n	
n02177972	eng-30-02177972-n	snuitkever
n02190166	eng-30-02190166-n	vlieg
n02206856	eng-30-02206856-n	bij
n02219486	eng-30-02219486-n	mier
n02226429	eng-30-02226429-n	sprinkhaan
n02229544	eng-30-02229544-n	krekel
n02231487	eng-30-02231487-n	[[wandelende]] [[tak]]
n02233338	eng-30-02233338-n	sissende kakkerlak, kakkerlak
n02236044	eng-30-02236044-n	bidsprinkhaan
n02256656	eng-30-02256656-n	cicade, cicaden
n02259212	eng-30-02259212-n	
n02264363	eng-30-02264363-n	gaasje, gaasvlieg
n02268443	eng-30-02268443-n	libel, libellen
n02268853	eng-30-02268853-n	juffer
n02276258	eng-30-02276258-n	
n02277742	eng-30-02277742-n	
n02279972	eng-30-02279972-n	monarchvlinder
n02280649	eng-30-02280649-n	
n02281406	eng-30-02281406-n	
n02281787	eng-30-02281787-n	
n02317335	eng-30-02317335-n	zeester
n02319095	eng-30-02319095-n	zee-egel, zeeëgel
n02321529	eng-30-02321529-n	
n02325366	eng-30-02325366-n	katoenstaartkonijn
n02326432	eng-30-02326432-n	haas, langoor
n02328150	eng-30-02328150-n	
n02342885	eng-30-02342885-n	hamster
n02346627	eng-30-02346627-n	egel, mol, stekelvarken
n02356798	eng-30-02356798-n	
n02361337	eng-30-02361337-n	marmot
n02363005	eng-30-02363005-n	bever
n02364673	eng-30-02364673-n	guinees biggetje
n02389026	eng-30-02389026-n	
n02391049	eng-30-02391049-n	zebra
n02395406	eng-30-02395406-n	krulstaart, varken, zwijn
n02396427	eng-30-02396427-n	everzwijn
n02397096	eng-30-02397096-n	wrattenzwijn, knobbelzwijn
n02398521	eng-30-02398521-n	nijlpaard
n02403003	eng-30-02403003-n	os
n02408429	eng-30-02408429-n	karbauw, karbouw, waterbuffel
n02410509	eng-30-02410509-n	wisent, Europese bizon, bizon
n02412080	eng-30-02412080-n	ram
n02415577	eng-30-02415577-n	dikhoornschaap
n02417914	eng-30-02417914-n	steenbok
n02422106	eng-30-02422106-n	hartenbeest
n02422699	eng-30-02422699-n	impala
n02423022	eng-30-02423022-n	gezelle, gazelle
n02437312	eng-30-02437312-n	dromedaris
n02437616	eng-30-02437616-n	lama
n02441942	eng-30-02441942-n	wezel
n02442845	eng-30-02442845-n	
n02443114	eng-30-02443114-n	bunzing
n02443484	eng-30-02443484-n	
n02444819	eng-30-02444819-n	otter
n02445715	eng-30-02445715-n	stinkdier
n02447366	eng-30-02447366-n	das
n02454379	eng-30-02454379-n	armadillo, gordeldier, pantserdier, schildvarken
n02457408	eng-30-02457408-n	
n02480495	eng-30-02480495-n	orang-oetan, orang-oetan(g)
n02480855	eng-30-02480855-n	gorilla
n02481823	eng-30-02481823-n	chimpansee
n02483362	eng-30-02483362-n	gibbon, langarmaap, langarmapen
n02483708	eng-30-02483708-n	
n02484975	eng-30-02484975-n	meerkat
n02486261	eng-30-02486261-n	
n02486410	eng-30-02486410-n	baviaan
n02487347	eng-30-02487347-n	makaak
n02488291	eng-30-02488291-n	
n02488702	eng-30-02488702-n	
n02489166	eng-30-02489166-n	
n02490219	eng-30-02490219-n	klauwaapje
n02492035	eng-30-02492035-n	kapucijn
n02492660	eng-30-02492660-n	miskleun, blunder, brulaap
n02493509	eng-30-02493509-n	
n02493793	eng-30-02493793-n	
n02494079	eng-30-02494079-n	doodshoofdaapje
n02497673	eng-30-02497673-n	
n02500267	eng-30-02500267-n	
n02504013	eng-30-02504013-n	
n02504458	eng-30-02504458-n	afrikaanse olifant
n02509815	eng-30-02509815-n	pandabeer, panda
n02510455	eng-30-02510455-n	panda, reuzenpanda
n02514041	eng-30-02514041-n	
n02526121	eng-30-02526121-n	paling
n02536864	eng-30-02536864-n	
n02606052	eng-30-02606052-n	
n02607072	eng-30-02607072-n	
n02640242	eng-30-02640242-n	steur
n02641379	eng-30-02641379-n	snoek, geep, zeilvissen
n02643566	eng-30-02643566-n	
n02655020	eng-30-02655020-n	kogelvis
n02666196	eng-30-02666196-n	abacus, rekenraam, telraam
n02667093	eng-30-02667093-n	
n02669723	eng-30-02669723-n	
n02672831	eng-30-02672831-n	harmonica, accordeon
n02676566	eng-30-02676566-n	akoestische gitaar
n02687172	eng-30-02687172-n	carrier, vliegdekschip, vliegtuigmoederschip
n02690373	eng-30-02690373-n	passagiersvliegtuig, lijntoestel, lijnvliegtuig
n02692877	eng-30-02692877-n	luchtschip
n02699494	eng-30-02699494-n	
n02701002	eng-30-02701002-n	ambulance, ziekenwagen
n02704792	eng-30-02704792-n	amfibie, amfibievoertuig
n02708093	eng-30-02708093-n	
n02727426	eng-30-02727426-n	bijenstal
n02730930	eng-30-02730930-n	dienschort, schoot, schort
n02747177	eng-30-02747177-n	vuilnisbak, vuilnisemmer, asbak
n02749479	eng-30-02749479-n	aanvalsgeweer
n02769748	eng-30-02769748-n	knapzak, ransel, rugzak
n02776631	eng-30-02776631-n	bakkerij
n02777292	eng-30-02777292-n	evenwichtsbalk
n02782093	eng-30-02782093-n	ballon
n02783161	eng-30-02783161-n	ballpoint, balpen, kogelpen
n02786058	eng-30-02786058-n	
n02787622	eng-30-02787622-n	banjo
n02788148	eng-30-02788148-n	baluster, leuning, balustrade
n02790996	eng-30-02790996-n	halter
n02791124	eng-30-02791124-n	
n02791270	eng-30-02791270-n	kapper
n02793495	eng-30-02793495-n	hooischuur
n02794156	eng-30-02794156-n	barometer, weerglas
n02795169	eng-30-02795169-n	fust, ton, vaatje, vat
n02797295	eng-30-02797295-n	kruiwagen
n02799071	eng-30-02799071-n	
n02802426	eng-30-02802426-n	basketbal
n02804414	eng-30-02804414-n	
n02804610	eng-30-02804610-n	fagot
n02807133	eng-30-02807133-n	badmuts
n02808304	eng-30-02808304-n	
n02808440	eng-30-02808440-n	bad, badkuip, teil, tobbe, wasteil, wastobbe
n02814533	eng-30-02814533-n	
n02814860	eng-30-02814860-n	kustlicht, lichtbaken, vuurbaak, vuurbaken, vuurtoren
n02815834	eng-30-02815834-n	bekerglas
n02817516	eng-30-02817516-n	kolbak, beremuts, berenmuts, huzarenmuts
n02823428	eng-30-02823428-n	bierfles, pijpje
n02823750	eng-30-02823750-n	bierglas
n02825657	eng-30-02825657-n	
n02834397	eng-30-02834397-n	borstje, salopette
n02835271	eng-30-02835271-n	tandem
n02837789	eng-30-02837789-n	bikini
n02840245	eng-30-02840245-n	verzamelband
n02841315	eng-30-02841315-n	toneelkijker, verrekijker, binocle, binoculair, kijker, veldkijker
n02843684	eng-30-02843684-n	columbarium, nestkastje, vogelhuisje, vogelkastje
n02859443	eng-30-02859443-n	botenhuis
n02860847	eng-30-02860847-n	bob, bobslee
n02865351	eng-30-02865351-n	
n02869837	eng-30-02869837-n	
n02870880	eng-30-02870880-n	boekenkast
n02871525	eng-30-02871525-n	boekenwinkel, boekhandel, boekwinkel
n02877765	eng-30-02877765-n	
n02879718	eng-30-02879718-n	
n02883205	eng-30-02883205-n	strikje, vlinderdas
n02892201	eng-30-02892201-n	gedenksteen, plaket, plateau
n02892767	eng-30-02892767-n	b.h., beha, bh, bustehouder
n02894605	eng-30-02894605-n	krib, steiger, zeewering, zeedijk, breekwater, havendam, golfbreker, landhoofd, paalhoofd, pier, zeebreker, zeehoofd
n02895154	eng-30-02895154-n	borstplaat, borstschild
n02906734	eng-30-02906734-n	bezem
n02909870	eng-30-02909870-n	emmer
n02910353	eng-30-02910353-n	gesp
n02916936	eng-30-02916936-n	
n02917067	eng-30-02917067-n	
n02927161	eng-30-02927161-n	beenhouwerij, charcuterie, slagerij
n02930766	eng-30-02930766-n	taxi
n02939185	eng-30-02939185-n	kookketel, ketel
n02948072	eng-30-02948072-n	kaars
n02950826	eng-30-02950826-n	
n02951358	eng-30-02951358-n	kano
n02951585	eng-30-02951585-n	blikopener
n02963159	eng-30-02963159-n	vest
n02965783	eng-30-02965783-n	
n02966193	eng-30-02966193-n	carrousel, draaimolen, mallemolen, paardenmolen, zweef, zweefmolen, zwiermolen
n02966687	eng-30-02966687-n	
n02971356	eng-30-02971356-n	
n02974003	eng-30-02974003-n	
n02977058	eng-30-02977058-n	bankautomaat, geldautomaat, gelduitgifteautomaat, giromaat
n02978881	eng-30-02978881-n	cassette
n02979186	eng-30-02979186-n	
n02980441	eng-30-02980441-n	fort, burcht, burg, kasteel, slot, steen
n02981792	eng-30-02981792-n	katamaran
n02988304	eng-30-02988304-n	C.D.-speler, cd-speler, compact-discspeler
n02992211	eng-30-02992211-n	violoncello, cello
n02992529	eng-30-02992529-n	telefoon, mobiele telefoon
n02999410	eng-30-02999410-n	ketting, keten
n03000134	eng-30-03000134-n	
n03000247	eng-30-03000247-n	maliënkolder
n03000684	eng-30-03000684-n	boomzaag, motorkettingzaag, motorzaag, kettingzaag
n03014705	eng-30-03014705-n	kist
n03016953	eng-30-03016953-n	
n03017168	eng-30-03017168-n	klok
n03018349	eng-30-03018349-n	porseleinkast
n03026506	eng-30-03026506-n	
n03028079	eng-30-03028079-n	godshuis, kerk, kerkgebouw
n03032252	eng-30-03032252-n	bios, bioscoop, cinema, filmtheater
n03041632	eng-30-03041632-n	hakmes, mes
n03042490	eng-30-03042490-n	
n03045698	eng-30-03045698-n	
n03047690	eng-30-03047690-n	holsblok, klomp, klompschoen, schoenklomp
n03062245	eng-30-03062245-n	
n03063599	eng-30-03063599-n	
n03063689	eng-30-03063689-n	koffiepot
n03065424	eng-30-03065424-n	schroef, helix, krul, schroeflijn, spiraal, spiraallijn
n03075370	eng-30-03075370-n	cijferslot, combinatieslot, letterslot, nummerslot
n03085013	eng-30-03085013-n	
n03089624	eng-30-03089624-n	banketbakkerij, snoepwinkel
n03095699	eng-30-03095699-n	containerschip
n03100240	eng-30-03100240-n	cabrio, cabriolet
n03109150	eng-30-03109150-n	kurkentrekker, kurketrekker, trekker
n03110669	eng-30-03110669-n	cornet, kornet, trompet
n03124043	eng-30-03124043-n	
n03124170	eng-30-03124170-n	tien-gallon_hat
n03125729	eng-30-03125729-n	bakermat, wieg
n03126707	eng-30-03126707-n	hefkraan, hijskraan, kraan
n03127747	eng-30-03127747-n	bromfietshelm, motorhelm, valhelm
n03127925	eng-30-03127925-n	krat
n03131574	eng-30-03131574-n	kinderbed, wieg
n03133878	eng-30-03133878-n	
n03134739	eng-30-03134739-n	
n03141823	eng-30-03141823-n	
n03146219	eng-30-03146219-n	harnas, kuras
n03160309	eng-30-03160309-n	stuwdam, dam, dijk, waterdam, waterkering
n03179701	eng-30-03179701-n	lessenaar, schrijftafel, bureau
n03180011	eng-30-03180011-n	
n03187595	eng-30-03187595-n	draaitoestel
n03188531	eng-30-03188531-n	luier
n03196217	eng-30-03196217-n	
n03197337	eng-30-03197337-n	
n03201208	eng-30-03201208-n	
n03207743	eng-30-03207743-n	schotelvod, schoteldoek, vaatdoek, vod, wisdoek
n03207941	eng-30-03207941-n	afwasautomaat, vaatwasser, afwasmachine, vaatwasmachine
n03208938	eng-30-03208938-n	schijfrem
n03216828	eng-30-03216828-n	dok
n03218198	eng-30-03218198-n	
n03220513	eng-30-03220513-n	
n03223299	eng-30-03223299-n	deurmat, vloermat, voetmat
n03240683	eng-30-03240683-n	
n03249569	eng-30-03249569-n	drum, kalfsvel, trom, trommel
n03250847	eng-30-03250847-n	drumstok, drumstokje, trommelstok
n03255030	eng-30-03255030-n	
n03259280	eng-30-03259280-n	
n03271574	eng-30-03271574-n	
n03272010	eng-30-03272010-n	elektrische gitaar
n03272562	eng-30-03272562-n	elektrische locomotief
n03290653	eng-30-03290653-n	
n03291819	eng-30-03291819-n	couvert, briefomslag, envelop, enveloppe, omslag
n03297495	eng-30-03297495-n	
n03314780	eng-30-03314780-n	
n03325584	eng-30-03325584-n	
n03337140	eng-30-03337140-n	archiefkast
n03344393	eng-30-03344393-n	
n03345487	eng-30-03345487-n	brandweerauto, brandweerwagen, brandspuit, waterspuit
n03347037	eng-30-03347037-n	
n03355925	eng-30-03355925-n	vlaggenstok, vlaggestok
n03372029	eng-30-03372029-n	dwarsfluit, fluit
n03376595	eng-30-03376595-n	klapstoel
n03379051	eng-30-03379051-n	
n03384352	eng-30-03384352-n	heftruck, vorkheftruck
n03388043	eng-30-03388043-n	fontein, fonteintje
n03388183	eng-30-03388183-n	vulpen
n03388549	eng-30-03388549-n	hemelbed
n03393912	eng-30-03393912-n	goederenwagen, goederenwagon
n03394916	eng-30-03394916-n	hoorn, horen, waldhoorn
n03400231	eng-30-03400231-n	braadpan, bakpan, hapjespan, koekenpan
n03404251	eng-30-03404251-n	bontjas, bontmantel
n03417042	eng-30-03417042-n	vuilniswagen
n03424325	eng-30-03424325-n	gasmasker
n03425413	eng-30-03425413-n	benzinepomp
n03443371	eng-30-03443371-n	
n03444034	eng-30-03444034-n	
n03445777	eng-30-03445777-n	
n03445924	eng-30-03445924-n	
n03447447	eng-30-03447447-n	gondel
n03447721	eng-30-03447721-n	tamtam
n03450230	eng-30-03450230-n	gewaad
n03452741	eng-30-03452741-n	vleugelpiano, vleugel
n03457902	eng-30-03457902-n	broeikas, kas, serre
n03459775	eng-30-03459775-n	
n03461385	eng-30-03461385-n	kruidenier
n03467068	eng-30-03467068-n	guillotine
n03476684	eng-30-03476684-n	
n03476991	eng-30-03476991-n	
n03478589	eng-30-03478589-n	
n03481172	eng-30-03481172-n	vuisthamer, vuist, hamer
n03482405	eng-30-03482405-n	korf, sluitmand, pakmand
n03483316	eng-30-03483316-n	föhn, haardroger
n03485407	eng-30-03485407-n	
n03485794	eng-30-03485794-n	zardock, zakdoek
n03492542	eng-30-03492542-n	vaste schijf, hard disk, harddisk
n03494278	eng-30-03494278-n	harmonica, mondharmonica, mondharmonika, mondorgel
n03495258	eng-30-03495258-n	harp
n03496892	eng-30-03496892-n	
n03498962	eng-30-03498962-n	bijl, hakbijl
n03527444	eng-30-03527444-n	holster, revolvertas
n03529860	eng-30-03529860-n	
n03530642	eng-30-03530642-n	
n03532672	eng-30-03532672-n	haak, haakje
n03534580	eng-30-03534580-n	crinoline, hoepelrok
n03535780	eng-30-03535780-n	
n03538406	eng-30-03538406-n	
n03544143	eng-30-03544143-n	zandloper
n03584254	eng-30-03584254-n	iPod
n03584829	eng-30-03584829-n	strijkijzer
n03590841	eng-30-03590841-n	
n03594734	eng-30-03594734-n	jeansbroek, blue jeans, jeans, spijkerbroek
n03594945	eng-30-03594945-n	land Rover
n03595614	eng-30-03595614-n	T-shirt, t-shirt
n03598930	eng-30-03598930-n	puzzel, legpuzzel
n03599486	eng-30-03599486-n	betjah, fietstaxi, riksja
n03602883	eng-30-03602883-n	stuurknuppel, bedieningshendel
n03617480	eng-30-03617480-n	kimono
n03623198	eng-30-03623198-n	
n03627232	eng-30-03627232-n	
n03630383	eng-30-03630383-n	
n03633091	eng-30-03633091-n	sauslepel, soeplepel, juslepel, opscheplepel
n03637318	eng-30-03637318-n	lampekap, lampenkap
n03642806	eng-30-03642806-n	laptop, notebook, schootcomputer
n03649909	eng-30-03649909-n	maaier, grasmaaimachine, grasmaaier
n03657121	eng-30-03657121-n	lensklep, lenskap, oogschelp
n03658185	eng-30-03658185-n	briefopener, papiermes, vouwbeen
n03661043	eng-30-03661043-n	boekerij, bibliotheek
n03662601	eng-30-03662601-n	reddingsboot, vlot
n03666591	eng-30-03666591-n	vuurtje, aansteker
n03670208	eng-30-03670208-n	limo, limousin, limousine
n03673027	eng-30-03673027-n	
n03676483	eng-30-03676483-n	lippenrood, lippenstift
n03680355	eng-30-03680355-n	leegloper
n03690938	eng-30-03690938-n	lotion
n03691459	eng-30-03691459-n	loudspeaker, luidspreker, speaker
n03692522	eng-30-03692522-n	loep
n03697007	eng-30-03697007-n	houtzagerij, zagerij
n03706229	eng-30-03706229-n	
n03709823	eng-30-03709823-n	postzak
n03710193	eng-30-03710193-n	brievenbus
n03710637	eng-30-03710637-n	
n03710721	eng-30-03710721-n	
n03717622	eng-30-03717622-n	putdeksel, riooldeksel
n03720891	eng-30-03720891-n	
n03721384	eng-30-03721384-n	marimba, xylofoon
n03724870	eng-30-03724870-n	masker, mom, mombakkes
n03729826	eng-30-03729826-n	
n03733131	eng-30-03733131-n	meiboom
n03733281	eng-30-03733281-n	doolhof, dwaaltuin, gangenstelsel, labyrint
n03733805	eng-30-03733805-n	maatbeker
n03742115	eng-30-03742115-n	
n03743016	eng-30-03743016-n	
n03759954	eng-30-03759954-n	Mike, microfoon
n03761084	eng-30-03761084-n	magnetron
n03763968	eng-30-03763968-n	
n03764736	eng-30-03764736-n	
n03769881	eng-30-03769881-n	busje
n03770439	eng-30-03770439-n	minirok
n03770679	eng-30-03770679-n	
n03773504	eng-30-03773504-n	
n03775071	eng-30-03775071-n	want
n03775546	eng-30-03775546-n	
n03776460	eng-30-03776460-n	stacaravan
n03777568	eng-30-03777568-n	T-Ford
n03777754	eng-30-03777754-n	modem
n03781244	eng-30-03781244-n	abdij, communauteit, communiteit, convent, klooster, kloostergemeenschap, monnikenklooster
n03782006	eng-30-03782006-n	
n03785016	eng-30-03785016-n	bromfiets, brommer, plof
n03786901	eng-30-03786901-n	mortier, vijzel
n03787032	eng-30-03787032-n	
n03788195	eng-30-03788195-n	mesigit, missigit, moskee
n03788365	eng-30-03788365-n	klamboe, muggengordijn, muggennet
n03791053	eng-30-03791053-n	scooter
n03792782	eng-30-03792782-n	BMX
n03792972	eng-30-03792972-n	
n03793489	eng-30-03793489-n	computermuis, muis
n03794056	eng-30-03794056-n	muizeval
n03796401	eng-30-03796401-n	verhuisauto, verhuiswagen
n03803284	eng-30-03803284-n	
n03804744	eng-30-03804744-n	nagel, spijker
n03814639	eng-30-03814639-n	
n03814906	eng-30-03814906-n	halsketting, halssieraad, halssnoer, ketting
n03825788	eng-30-03825788-n	
n03832673	eng-30-03832673-n	
n03837869	eng-30-03837869-n	obelisk
n03838899	eng-30-03838899-n	hobo
n03840681	eng-30-03840681-n	okarina, ocarina
n03841143	eng-30-03841143-n	hodometer, kilometerteller, wegmeter
n03843555	eng-30-03843555-n	oliefilter
n03854065	eng-30-03854065-n	orgel, orgaan
n03857828	eng-30-03857828-n	oscilloscoop
n03866082	eng-30-03866082-n	
n03868242	eng-30-03868242-n	ossekar, ossenkar, ossenwagen, ossewagen
n03868863	eng-30-03868863-n	zuurstofmasker
n03871628	eng-30-03871628-n	pak, pakje
n03873416	eng-30-03873416-n	paddel, bat, batje
n03874293	eng-30-03874293-n	
n03874599	eng-30-03874599-n	hangslot
n03876231	eng-30-03876231-n	penseel, verfkwast
n03877472	eng-30-03877472-n	pyjama
n03877845	eng-30-03877845-n	paleis
n03884397	eng-30-03884397-n	
n03887697	eng-30-03887697-n	keukenrol
n03888257	eng-30-03888257-n	parachute, springscherm, valscherm
n03888605	eng-30-03888605-n	brug
n03891251	eng-30-03891251-n	
n03891332	eng-30-03891332-n	parkeermeter
n03895866	eng-30-03895866-n	equipage
n03899768	eng-30-03899768-n	terras
n03902125	eng-30-03902125-n	munttelefoon
n03903868	eng-30-03903868-n	plint, voetstuk, sokkel
n03908618	eng-30-03908618-n	etui, pennenzak
n03908714	eng-30-03908714-n	slijper
n03916031	eng-30-03916031-n	essence, parfum
n03920288	eng-30-03920288-n	petrischaal
n03924679	eng-30-03924679-n	fotokopieerapparaat
n03929660	eng-30-03929660-n	plectrum
n03929855	eng-30-03929855-n	
n03930313	eng-30-03930313-n	paalwerk, palissade
n03930630	eng-30-03930630-n	
n03933933	eng-30-03933933-n	strekdam
n03935335	eng-30-03935335-n	spaarvarken, spaarpot
n03937543	eng-30-03937543-n	
n03938244	eng-30-03938244-n	kussen, peluw, oorkussen, hoofdkussen
n03942813	eng-30-03942813-n	
n03944341	eng-30-03944341-n	
n03947888	eng-30-03947888-n	
n03950228	eng-30-03950228-n	lampetkan, kan
n03954731	eng-30-03954731-n	
n03956157	eng-30-03956157-n	planetarium
n03958227	eng-30-03958227-n	
n03961711	eng-30-03961711-n	
n03967562	eng-30-03967562-n	ploeg
n03970156	eng-30-03970156-n	
n03976467	eng-30-03976467-n	polaroidcamera
n03976657	eng-30-03976657-n	paal, boom, polsstok, staak
n03977966	eng-30-03977966-n	overvalwagen
n03980874	eng-30-03980874-n	
n03982430	eng-30-03982430-n	biljart, tafelbiljart
n03983396	eng-30-03983396-n	
n03991062	eng-30-03991062-n	bloempot
n03992509	eng-30-03992509-n	draaischijf, pottenbakkersschijf, pottenbakkerswiel
n03995372	eng-30-03995372-n	
n03998194	eng-30-03998194-n	gebedskleed
n04004767	eng-30-04004767-n	printer
n04005630	eng-30-04005630-n	penitentiaire inrichting, huis van bewaring, gevangenis
n04008634	eng-30-04008634-n	raket, projectiel
n04009552	eng-30-04009552-n	projectieapparaat, projectietoestel, projector
n04019541	eng-30-04019541-n	puck
n04023962	eng-30-04023962-n	bokszak, stootzak
n04026417	eng-30-04026417-n	beurs, geldbuidel, geldtas, geldzak, knip, portemonnee, zak
n04033901	eng-30-04033901-n	
n04033995	eng-30-04033995-n	quilt, poederdons
n04037443	eng-30-04037443-n	racefiets
n04039381	eng-30-04039381-n	raket, racket
n04040759	eng-30-04040759-n	radiator, verwarmingselement
n04041544	eng-30-04041544-n	radio
n04044716	eng-30-04044716-n	
n04049303	eng-30-04049303-n	
n04065272	eng-30-04065272-n	
n04067472	eng-30-04067472-n	
n04069434	eng-30-04069434-n	
n04070727	eng-30-04070727-n	ijskast, koelkast
n04074963	eng-30-04074963-n	afgelegen, onwaarschijnlijk, afstandsbesturing, afstandsbediening
n04081281	eng-30-04081281-n	eetcafe, eetgelegenheid, eethuis, eettent, restaurant
n04086273	eng-30-04086273-n	revolver
n04090263	eng-30-04090263-n	karabijn, geweer, proppenschieter, schietgeweer, schietijzer, spuit
n04099969	eng-30-04099969-n	schommelstoel
n04111531	eng-30-04111531-n	
n04116512	eng-30-04116512-n	gom, gum, stuf, vlakgom
n04118538	eng-30-04118538-n	rugbybal
n04118776	eng-30-04118776-n	maat, maatlat, meetlat, scepter
n04120489	eng-30-04120489-n	
n04125021	eng-30-04125021-n	
n04127249	eng-30-04127249-n	sluitspeld, toespeld, veiligheidsspeld
n04131690	eng-30-04131690-n	
n04133789	eng-30-04133789-n	Jezusnikes, sandaal, zool
n04136333	eng-30-04136333-n	sarong
n04141076	eng-30-04141076-n	sax, saxofoon
n04141327	eng-30-04141327-n	schede
n04141975	eng-30-04141975-n	schaal, weegschaal, weegtoestel
n04146614	eng-30-04146614-n	schoolbus
n04147183	eng-30-04147183-n	schoener
n04149813	eng-30-04149813-n	scorebord, uitslagenbord
n04152593	eng-30-04152593-n	televisiescherm
n04153751	eng-30-04153751-n	schroef
n04154565	eng-30-04154565-n	schroevedraaier, schroevendraaier
n04162706	eng-30-04162706-n	gordel, veiligheidsgordel
n04179913	eng-30-04179913-n	naaimachine
n04192698	eng-30-04192698-n	bescherming, schild
n04200800	eng-30-04200800-n	schoenenwinkel, schoenenzaak
n04201297	eng-30-04201297-n	
n04204238	eng-30-04204238-n	boodschappenmandje
n04204347	eng-30-04204347-n	winkelwagen
n04208210	eng-30-04208210-n	schop, schep, schepje
n04209133	eng-30-04209133-n	
n04209239	eng-30-04209239-n	douchegordijn
n04228054	eng-30-04228054-n	ski
n04229816	eng-30-04229816-n	
n04235860	eng-30-04235860-n	slaapzak
n04238763	eng-30-04238763-n	
n04239074	eng-30-04239074-n	roldeur, schuifdeur
n04243546	eng-30-04243546-n	eenarmige bandiet, gokautomaat, gokkast
n04251144	eng-30-04251144-n	
n04252077	eng-30-04252077-n	sneeuwscooter
n04252225	eng-30-04252225-n	sneeuwploeg, sneeuwruimer, sneeuwschuiver
n04254120	eng-30-04254120-n	
n04254680	eng-30-04254680-n	
n04254777	eng-30-04254777-n	sok
n04258138	eng-30-04258138-n	zonnecollector
n04259630	eng-30-04259630-n	
n04263257	eng-30-04263257-n	soepkom
n04264628	eng-30-04264628-n	spatiebalk, spatietoets
n04265275	eng-30-04265275-n	kachel
n04266014	eng-30-04266014-n	ruimtependel, ruimteveer, shuttle, space-shuttle
n04270147	eng-30-04270147-n	
n04273569	eng-30-04273569-n	
n04275548	eng-30-04275548-n	
n04277352	eng-30-04277352-n	
n04285008	eng-30-04285008-n	
n04286575	eng-30-04286575-n	straler
n04296562	eng-30-04296562-n	podium, verhoog
n04310018	eng-30-04310018-n	stoomlocomotief
n04311004	eng-30-04311004-n	
n04311174	eng-30-04311174-n	
n04317175	eng-30-04317175-n	stethoscoop
n04325704	eng-30-04325704-n	stola
n04326547	eng-30-04326547-n	
n04328186	eng-30-04328186-n	
n04330267	eng-30-04330267-n	haard, kachel, kacheltje, verwarmingstoestel
n04332243	eng-30-04332243-n	vergiet, zeef
n04335435	eng-30-04335435-n	mijnwagen, tram
n04336792	eng-30-04336792-n	draagbaar, baar, brancard
n04344873	eng-30-04344873-n	
n04346328	eng-30-04346328-n	stoepa
n04347754	eng-30-04347754-n	U-boot, duikboot, onderzeeboot, onderzeeër
n04350905	eng-30-04350905-n	kleur, kostuum, zaak, pak
n04355338	eng-30-04355338-n	zonnewijzer
n04355933	eng-30-04355933-n	zonnebril
n04356056	eng-30-04356056-n	zonnebril
n04357314	eng-30-04357314-n	zonnebrandcrème
n04366367	eng-30-04366367-n	hangbrug, kettingbrug
n04367480	eng-30-04367480-n	zwabber
n04370456	eng-30-04370456-n	sweater
n04371430	eng-30-04371430-n	zwembroek
n04371774	eng-30-04371774-n	
n04372370	eng-30-04372370-n	contact, schakelaar, schakelknop
n04376876	eng-30-04376876-n	injectiespuit, injectiespuitje, spuit
n04380533	eng-30-04380533-n	tafellamp
n04389033	eng-30-04389033-n	gevechtswagen, tank
n04392985	eng-30-04392985-n	
n04398044	eng-30-04398044-n	theepot
n04399382	eng-30-04399382-n	knuffelbeer, teddybeer
n04404412	eng-30-04404412-n	
n04409515	eng-30-04409515-n	tennisbal
n04417672	eng-30-04417672-n	strobedekking, strodak
n04418357	eng-30-04418357-n	doek, scherm, toneelgordijn, toneelscherm
n04423845	eng-30-04423845-n	kous, vingerhoed
n04428191	eng-30-04428191-n	
n04429376	eng-30-04429376-n	
n04435653	eng-30-04435653-n	
n04442312	eng-30-04442312-n	broodrooster, tosti-apparaat, tostiapparaat
n04443257	eng-30-04443257-n	sigarenmagazijn, sigarenwinkel, tabakswinkel
n04447861	eng-30-04447861-n	wc-bril
n04456115	eng-30-04456115-n	
n04458633	eng-30-04458633-n	totempaal
n04461696	eng-30-04461696-n	takelwagen
n04462240	eng-30-04462240-n	speelgoedwinkel
n04465501	eng-30-04465501-n	motortrekker, tractor, trekker, wieltrekker
n04467665	eng-30-04467665-n	
n04476259	eng-30-04476259-n	serveerblad, blad, dienblad, plateau, presenteerblad, schenkblad, theeblad
n04479046	eng-30-04479046-n	lange jas
n04482393	eng-30-04482393-n	driewieler, kinderfiets
n04483307	eng-30-04483307-n	trimaran
n04485082	eng-30-04485082-n	statief
n04486054	eng-30-04486054-n	ereboog, erepoort, triomfboog, zegeboog
n04487081	eng-30-04487081-n	
n04487394	eng-30-04487394-n	bazuin, schuiftrombone, schuiftrompet, trombone
n04493381	eng-30-04493381-n	tobbe, wastobbe
n04501370	eng-30-04501370-n	draaihek, klaphek, tourniquet
n04505470	eng-30-04505470-n	
n04507155	eng-30-04507155-n	
n04509417	eng-30-04509417-n	eenwieler
n04515003	eng-30-04515003-n	
n04517823	eng-30-04517823-n	stofzuigen, stofzuiger
n04522168	eng-30-04522168-n	bloemenvaas, pul, vaas
n04523525	eng-30-04523525-n	welving, gewelf
n04525038	eng-30-04525038-n	fluweel, manchester, velvet
n04525305	eng-30-04525305-n	verkoopautomaat, automaat
n04532106	eng-30-04532106-n	gewaad, misgewaad, mishemd, miskleed
n04532670	eng-30-04532670-n	viaduct
n04536866	eng-30-04536866-n	vedel, fiedel, viool
n04540053	eng-30-04540053-n	volleybal
n04542943	eng-30-04542943-n	wafelijzer
n04548280	eng-30-04548280-n	wandklok
n04548362	eng-30-04548362-n	portefeuille, portemonnee
n04550184	eng-30-04550184-n	kledingkast, kleerkast, kast
n04552348	eng-30-04552348-n	gevechtsvliegtuig
n04553703	eng-30-04553703-n	
n04554684	eng-30-04554684-n	wasmachine
n04557648	eng-30-04557648-n	bedkruik, bidon, kruik, warmwaterzak
n04560804	eng-30-04560804-n	
n04562935	eng-30-04562935-n	pompstation, waterstation, watertoren
n04579145	eng-30-04579145-n	
n04579432	eng-30-04579432-n	fluittoon
n04584207	eng-30-04584207-n	pruik
n04589890	eng-30-04589890-n	
n04590129	eng-30-04590129-n	
n04591157	eng-30-04591157-n	
n04591713	eng-30-04591713-n	
n04592741	eng-30-04592741-n	vleugel
n04596742	eng-30-04596742-n	wokken, wadjan, wadjang, wok
n04597913	eng-30-04597913-n	
n04599235	eng-30-04599235-n	wol, schapenvacht, schapenwol, schapewol
n04604644	eng-30-04604644-n	
n04606251	eng-30-04606251-n	
n04612504	eng-30-04612504-n	
n04613696	eng-30-04613696-n	
n06359193	eng-30-06359193-n	website
n06596364	eng-30-06596364-n	
n06785654	eng-30-06785654-n	kruiswoordpuzzel, kruiswoordraadsel
n06794110	eng-30-06794110-n	straatnaambordje
n06874185	eng-30-06874185-n	stoplicht, verkeerslicht, stopsein, stopsignaal
n07248320	eng-30-07248320-n	boekomslag, flap
n07565083	eng-30-07565083-n	
n07579787	eng-30-07579787-n	
n07583066	eng-30-07583066-n	
n07584110	eng-30-07584110-n	consommé
n07590611	eng-30-07590611-n	
n07613480	eng-30-07613480-n	puddingtaart
n07614500	eng-30-07614500-n	roomijs, ijs, ijsco, ijsje
n07615774	eng-30-07615774-n	ijslolly, lolly
n07684084	eng-30-07684084-n	
n07693725	eng-30-07693725-n	bagel
n07695742	eng-30-07695742-n	zoute krakeling, pretzel
n07697313	eng-30-07697313-n	kaasburger, cheeseburger
n07697537	eng-30-07697537-n	
n07711569	eng-30-07711569-n	
n07714571	eng-30-07714571-n	
n07714990	eng-30-07714990-n	broccoli
n07715103	eng-30-07715103-n	bloemkool
n07716358	eng-30-07716358-n	
n07716906	eng-30-07716906-n	
n07717410	eng-30-07717410-n	
n07717556	eng-30-07717556-n	
n07718472	eng-30-07718472-n	komkommer
n07718747	eng-30-07718747-n	artisjok
n07720875	eng-30-07720875-n	
n07730033	eng-30-07730033-n	kardoen
n07734744	eng-30-07734744-n	paddenstoel, op het puntje van zijn tong, zwam
n07742313	eng-30-07742313-n	
n07745940	eng-30-07745940-n	
n07747607	eng-30-07747607-n	appelsienenboom, sinaasappelboom, appelsien, sinaasappel
n07749582	eng-30-07749582-n	citroen
n07753113	eng-30-07753113-n	
n07753275	eng-30-07753275-n	ananas
n07753592	eng-30-07753592-n	bananengeel
n07754684	eng-30-07754684-n	
n07760859	eng-30-07760859-n	
n07768694	eng-30-07768694-n	
n07802026	eng-30-07802026-n	hooi
n07831146	eng-30-07831146-n	
n07836838	eng-30-07836838-n	
n07860988	eng-30-07860988-n	deeg
n07871810	eng-30-07871810-n	gehakt, gehaktbrood
n07873807	eng-30-07873807-n	pizza
n07875152	eng-30-07875152-n	
n07880968	eng-30-07880968-n	
n07892512	eng-30-07892512-n	rode wijn
n07920052	eng-30-07920052-n	espresso, espresso(-koffie), espressokoffie
n07930864	eng-30-07930864-n	
n07932039	eng-30-07932039-n	Advocaat, advokaat
n09193705	eng-30-09193705-n	bergtop, alp
n09229709	eng-30-09229709-n	bel
n09246464	eng-30-09246464-n	klif, klip
n09256479	eng-30-09256479-n	koraalbank, koraalrif, puinwal
n09288635	eng-30-09288635-n	geizer, geiser
n09332890	eng-30-09332890-n	Lakeside, oever, meeroever
n09399592	eng-30-09399592-n	hoek, kaap, landpunt
n09421951	eng-30-09421951-n	zandbank
n09428293	eng-30-09428293-n	zeekust, zeekant, kustlijn, kust
n09468604	eng-30-09468604-n	dal, vallei
n09472597	eng-30-09472597-n	vulkaan, vuurberg
n09835506	eng-30-09835506-n	
n10148035	eng-30-10148035-n	bruidegom
n10565667	eng-30-10565667-n	
n11879895	eng-30-11879895-n	koolzaad, raapzaad
n11939491	eng-30-11939491-n	margriet, Margriet, Madelief, madeliefje
n12057211	eng-30-12057211-n	
n12144580	eng-30-12144580-n	
n12267677	eng-30-12267677-n	eikel
n12620546	eng-30-12620546-n	bottel, rozebottel, rozenbottel
n12768682	eng-30-12768682-n	
n12985857	eng-30-12985857-n	
n12998815	eng-30-12998815-n	plaatzwam
n13037406	eng-30-13037406-n	
n13040303	eng-30-13040303-n	
n13044778	eng-30-13044778-n	
n13052670	eng-30-13052670-n	
n13054560	eng-30-13054560-n	
n13133613	eng-30-13133613-n	aar, korenaar
n15075141	eng-30-15075141-n	pleepapier, toiletpapier, wc-papier
